"state","date","price"
"Abia",2009-01-01,123.761423746745
"Abia",2009-02-01,129.991086324056
"Abia",2009-03-01,137.424240112305
"Abia",2009-04-01,123.636360168457
"Abia",2009-05-01,124.24242401123
"Abia",2009-06-01,133.333333333333
"Abia",2010-01-01,126.18181854248
"Abia",2010-02-01,159.272717590332
"Abia",2010-03-01,141.090907287598
"Abia",2010-04-01,129.457914428711
"Abia",2010-05-01,145.655934143066
"Abia",2010-06-01,197.67595916748
"Abia",2010-07-01,129.454545898437
"Abia",2010-08-01,138.650570983887
"Abia",2010-09-01,130.184710083008
"Abia",2010-10-01,241.693700561523
"Abia",2010-11-01,150.918666992187
"Abia",2010-12-01,130.250950317383
"Abia",2011-01-01,118.181816101074
"Abia",2011-02-01,128.687271118164
"Abia",2011-03-01,133.372959136963
"Abia",2011-04-01,154.075622558594
"Abia",2011-05-01,116.575752258301
"Abia",2011-06-01,134.109085083008
"Abia",2011-07-01,126.016258239746
"Abia",2011-09-01,123.614267985026
"Abia",2011-10-01,153.838386535645
"Abia",2011-11-01,152.595748901367
"Abia",2011-12-01,117.037033081055
"Abia",2012-01-01,139.16755065918
"Abia",2012-02-01,123.637847900391
"Abia",2012-03-01,138.725261688232
"Abia",2012-04-01,133.065689086914
"Abia",2012-05-01,116.575752258301
"Abia",2012-06-01,133.065689086914
"Abia",2012-07-01,147.102062225342
"Abia",2012-08-01,135.424724578857
"Abia",2012-09-01,123.637108561198
"Abia",2012-10-01,131.854537963867
"Abia",2012-11-01,149.559584350586
"Abia",2012-12-01,152.512503051758
"Adamawa",2009-02-01,116.65728187561
"Adamawa",2009-03-01,109.996826171875
"Adamawa",2009-04-01,118.625955104828
"Adamawa",2009-05-01,105.551043192546
"Adamawa",2009-06-01,143.475032382541
"Adamawa",2010-01-01,98.4796682739258
"Adamawa",2010-02-01,113.240030212402
"Adamawa",2010-03-01,114.316972351074
"Adamawa",2010-04-01,102.844258422852
"Adamawa",2010-05-01,127.712631225586
"Adamawa",2010-06-01,107.120294799805
"Adamawa",2010-07-01,112.541954040527
"Adamawa",2010-08-01,112.325171508789
"Adamawa",2010-09-01,108.898501586914
"Adamawa",2010-10-01,124.204301147461
"Adamawa",2010-11-01,156.862557373047
"Adamawa",2010-12-01,107.932434997559
"Adamawa",2011-01-01,120.773399353027
"Adamawa",2011-02-01,137.230911254883
"Adamawa",2011-03-01,94.569091796875
"Adamawa",2011-04-01,111.464302062988
"Adamawa",2011-05-01,109.30640411377
"Adamawa",2011-06-01,142.557174682617
"Adamawa",2011-07-01,95.8160883585612
"Adamawa",2011-08-01,126.930450439453
"Adamawa",2011-09-01,148.104476928711
"Adamawa",2011-10-01,126.888572692871
"Adamawa",2011-11-01,113.47925567627
"Adamawa",2012-01-01,132.881439208984
"Adamawa",2012-02-01,156.295745849609
"Adamawa",2012-03-01,128.771347045898
"Adamawa",2012-04-01,87.3971138000488
"Adamawa",2012-05-01,109.30640411377
"Adamawa",2012-06-01,141.297744750977
"Adamawa",2012-07-01,117.747146606445
"Adamawa",2012-08-01,138.132690429688
"Adamawa",2012-09-01,148.076141357422
"Adamawa",2012-10-01,129.955978393555
"Adamawa",2012-11-01,129.719853515625
"Adamawa",2012-12-01,129.221385301862
"Akwa Ibom",2009-05-01,170
"Akwa Ibom",2010-01-01,165.555555555556
"Akwa Ibom",2010-02-01,144.284283673322
"Akwa Ibom",2010-03-01,158.870385064019
"Akwa Ibom",2010-04-01,153.033443874783
"Akwa Ibom",2010-05-01,140
"Akwa Ibom",2010-06-01,152.777777777778
"Akwa Ibom",2010-07-01,140.37037037037
"Akwa Ibom",2010-08-01,141.925925925926
"Akwa Ibom",2010-09-01,144.483033356843
"Akwa Ibom",2010-10-01,184.210525512695
"Akwa Ibom",2010-11-01,133.766884132668
"Akwa Ibom",2010-12-01,152.777777777778
"Akwa Ibom",2011-01-01,142.679992675781
"Akwa Ibom",2011-02-01,141.839996337891
"Akwa Ibom",2011-03-01,186.410247802734
"Akwa Ibom",2011-04-01,142.970703125
"Akwa Ibom",2011-05-01,152
"Akwa Ibom",2011-06-01,154.017518142174
"Akwa Ibom",2011-07-01,160.650390625
"Akwa Ibom",2011-08-01,153.179992675781
"Akwa Ibom",2011-09-01,154.274185180664
"Akwa Ibom",2011-10-01,142.579360961914
"Akwa Ibom",2011-11-01,150.933334350586
"Akwa Ibom",2011-12-01,149.758071899414
"Akwa Ibom",2012-01-01,150.887084960938
"Akwa Ibom",2012-02-01,160.23518371582
"Akwa Ibom",2012-03-01,149.160003662109
"Akwa Ibom",2012-04-01,160.470077514648
"Akwa Ibom",2012-05-01,152
"Akwa Ibom",2012-06-01,155.894302368164
"Akwa Ibom",2012-07-01,146.950271606445
"Akwa Ibom",2012-08-01,152.175369262695
"Akwa Ibom",2012-09-01,154.326049804688
"Akwa Ibom",2012-10-01,157.673477172852
"Akwa Ibom",2012-11-01,152.209363740066
"Akwa Ibom",2012-12-01,403.757637568883
"Anambra",2009-01-01,120.111111450195
"Anambra",2009-02-01,110.104169845581
"Anambra",2009-03-01,123
"Anambra",2009-04-01,128.416668701172
"Anambra",2009-05-01,137.500015258789
"Anambra",2009-06-01,136.812503051758
"Anambra",2010-01-01,148.75537109375
"Anambra",2010-02-01,140
"Anambra",2010-03-01,132.481203351702
"Anambra",2010-04-01,133.073593139648
"Anambra",2010-05-01,132.481203351702
"Anambra",2010-06-01,126.403941563198
"Anambra",2010-07-01,87.9684252057757
"Anambra",2010-08-01,113.604330880301
"Anambra",2010-09-01,120.613028390067
"Anambra",2010-10-01,255.960597446987
"Anambra",2010-11-01,133.333343505859
"Anambra",2010-12-01,138.339920043945
"Anambra",2011-01-01,120
"Anambra",2011-02-01,121.607933044434
"Anambra",2011-03-01,122.448974609375
"Anambra",2011-04-01,120
"Anambra",2011-05-01,121.66667175293
"Anambra",2011-06-01,126.66667175293
"Anambra",2011-07-01,124.377685546875
"Anambra",2011-09-01,142.510803222656
"Anambra",2011-10-01,120
"Anambra",2011-11-01,82.1411743164062
"Anambra",2011-12-01,129.747283935547
"Anambra",2012-01-01,134.542129516602
"Anambra",2012-02-01,129.655685424805
"Anambra",2012-03-01,132.181060791016
"Anambra",2012-04-01,111.97917175293
"Anambra",2012-05-01,121.66667175293
"Anambra",2012-06-01,131.63264465332
"Anambra",2012-07-01,130.973083496094
"Anambra",2012-08-01,133.323181152344
"Anambra",2012-09-01,142.271301269531
"Anambra",2012-10-01,153.022232055664
"Anambra",2012-11-01,143.220945085798
"Anambra",2012-12-01,139.557373046875
"Bauchi",2009-01-01,82.7586212158203
"Bauchi",2009-02-01,93.0226252873739
"Bauchi",2009-03-01,118.453831481934
"Bauchi",2009-04-01,126.038162231445
"Bauchi",2009-05-01,126.506890614827
"Bauchi",2009-06-01,132.510987418038
"Bauchi",2010-01-01,115.026927118716
"Bauchi",2010-02-01,115.984922989555
"Bauchi",2010-03-01,111.653322302777
"Bauchi",2010-04-01,125.868032704229
"Bauchi",2010-05-01,120.224878062373
"Bauchi",2010-06-01,141.10993426779
"Bauchi",2010-07-01,106.639302792756
"Bauchi",2010-08-01,124.859218431556
"Bauchi",2010-09-01,124.827837073285
"Bauchi",2010-10-01,122.273254394531
"Bauchi",2010-11-01,155.525214817213
"Bauchi",2010-12-01,117.231685804284
"Bauchi",2011-01-01,109.503437042236
"Bauchi",2011-02-01,100.401950836182
"Bauchi",2011-03-01,118.700103759766
"Bauchi",2011-04-01,128.342834472656
"Bauchi",2011-05-01,129.36506652832
"Bauchi",2011-06-01,126.808624267578
"Bauchi",2011-08-01,118.683750152588
"Bauchi",2011-09-01,128.363098144531
"Bauchi",2011-10-01,128.947372436523
"Bauchi",2011-11-01,137.475219726562
"Bauchi",2012-01-01,140.568176269531
"Bauchi",2012-02-01,114.859237670898
"Bauchi",2012-04-01,121.777778625488
"Bauchi",2012-05-01,129.394424438477
"Bauchi",2012-06-01,138.172088623047
"Bauchi",2012-07-01,129.361618041992
"Bauchi",2012-08-01,133.525177001953
"Bauchi",2012-09-01,128.355484008789
"Bauchi",2012-10-01,125.071837902069
"Bauchi",2012-11-01,114.673140816067
"Bauchi",2012-12-01,127.935614609137
"Bayelsa",2009-06-01,172.592590332031
"Bayelsa",2010-01-01,268.181816794656
"Bayelsa",2010-02-01,160.826443758878
"Bayelsa",2010-03-01,199.478051619096
"Bayelsa",2010-04-01,275.974026073109
"Bayelsa",2010-05-01,264.190874273127
"Bayelsa",2010-06-01,211.028564453125
"Bayelsa",2010-07-01,160
"Bayelsa",2010-08-01,171.517669677734
"Bayelsa",2010-09-01,204.59449005127
"Bayelsa",2010-11-01,169.328494678844
"Bayelsa",2010-12-01,190
"Bayelsa",2011-01-01,100.609756469727
"Bayelsa",2011-02-01,202.078521728516
"Bayelsa",2011-03-01,65.3333282470703
"Bayelsa",2011-04-01,211.267608642578
"Bayelsa",2011-05-01,155.98291015625
"Bayelsa",2011-06-01,218.579238891602
"Bayelsa",2011-07-01,217.94873046875
"Bayelsa",2011-08-01,192.563034057617
"Bayelsa",2011-09-01,232.674201965332
"Bayelsa",2011-10-01,170
"Bayelsa",2011-11-01,170
"Bayelsa",2011-12-01,176.153839111328
"Bayelsa",2012-01-01,230.769241333008
"Bayelsa",2012-02-01,170
"Bayelsa",2012-03-01,190.531173706055
"Bayelsa",2012-04-01,185.185180664062
"Bayelsa",2012-05-01,155.98291015625
"Bayelsa",2012-06-01,160
"Bayelsa",2012-07-01,956.744873046875
"Bayelsa",2012-08-01,647.877014160156
"Bayelsa",2012-09-01,232.914054870605
"Bayelsa",2012-10-01,293.013702392578
"Bayelsa",2012-11-01,240.856506347656
"Bayelsa",2012-12-01,292.215078180487
"Benue",2009-01-01,118.304847717285
"Benue",2009-02-01,122.955309549967
"Benue",2009-04-01,133.333330790202
"Benue",2009-05-01,139.393936157227
"Benue",2010-01-01,141.243881225586
"Benue",2010-02-01,141.243881225586
"Benue",2010-03-01,132.172652067962
"Benue",2010-04-01,119.038234286838
"Benue",2010-05-01,134.879724573206
"Benue",2010-06-01,133.496135570385
"Benue",2010-07-01,116.598462140119
"Benue",2010-08-01,127.829237761321
"Benue",2010-09-01,120.07868053295
"Benue",2010-11-01,135.040267379196
"Benue",2010-12-01,131.991972181532
"Benue",2011-01-01,166.36094156901
"Benue",2011-03-01,144.15584564209
"Benue",2011-04-01,135.699111938477
"Benue",2011-05-01,153.082127888997
"Benue",2011-06-01,133.321472167969
"Benue",2011-07-01,135.214225769043
"Benue",2011-08-01,152.231486002604
"Benue",2011-09-01,144.398040771484
"Benue",2011-10-01,127.737525939941
"Benue",2011-11-01,158.912399291992
"Benue",2011-12-01,135.963119506836
"Benue",2012-01-01,153.080417633057
"Benue",2012-02-01,141.479685465495
"Benue",2012-03-01,130.918884277344
"Benue",2012-04-01,143.755794525146
"Benue",2012-05-01,153.078247070312
"Benue",2012-06-01,143.899505615234
"Benue",2012-07-01,144.326034545898
"Benue",2012-08-01,154.568054199219
"Benue",2012-09-01,144.418991088867
"Benue",2012-10-01,153.367202758789
"Benue",2012-11-01,141.031997680664
"Benue",2012-12-01,151.617158508301
"Borno",2009-02-01,128.268501281738
"Borno",2009-03-01,162.481529998779
"Borno",2009-04-01,107.266721089681
"Borno",2009-05-01,106.132727050781
"Borno",2009-06-01,132.052910940988
"Borno",2010-01-01,145.632836235894
"Borno",2010-02-01,145.632836235894
"Borno",2010-03-01,130.365308973524
"Borno",2010-04-01,128.306881374783
"Borno",2010-05-01,136.727686564128
"Borno",2010-06-01,131.190387301975
"Borno",2010-07-01,129.858803643121
"Borno",2010-08-01,118.279185824924
"Borno",2010-09-01,109.285454644097
"Borno",2010-10-01,129.182113647461
"Borno",2010-11-01,142.259477403429
"Borno",2010-12-01,115.753882514106
"Borno",2011-01-01,168.205139160156
"Borno",2011-02-01,135.772583007812
"Borno",2011-03-01,127.234481811523
"Borno",2011-04-01,150.153839111328
"Borno",2011-05-01,132.51318359375
"Borno",2011-06-01,143.746353149414
"Borno",2011-08-01,134.724166870117
"Borno",2011-09-01,172.399719238281
"Borno",2011-10-01,136.074310302734
"Borno",2011-11-01,136.76139831543
"Borno",2011-12-01,129.790603637695
"Borno",2012-01-01,135.187622070312
"Borno",2012-02-01,141.365463256836
"Borno",2012-03-01,146.484588623047
"Borno",2012-04-01,139.417739868164
"Borno",2012-05-01,132.51318359375
"Borno",2012-06-01,146.733200073242
"Borno",2012-07-01,143.576263427734
"Borno",2012-08-01,152.880706787109
"Borno",2012-09-01,172.40641784668
"Borno",2012-10-01,154.083590945682
"Borno",2012-11-01,148.900951131185
"Borno",2012-12-01,146.588624220628
"Cross River",2009-01-01,109.09090423584
"Cross River",2010-01-01,108.961504255022
"Cross River",2010-02-01,107.582577296666
"Cross River",2010-03-01,104.206274850028
"Cross River",2010-04-01,120.55827331543
"Cross River",2010-05-01,76.9742671421596
"Cross River",2010-06-01,78.5062452043806
"Cross River",2010-07-01,71.9765766688756
"Cross River",2010-08-01,129.174399239676
"Cross River",2010-09-01,357.50301688058
"Cross River",2010-10-01,896.990707397461
"Cross River",2010-11-01,135.873016357422
"Cross River",2010-12-01,132.718290056501
"Cross River",2011-02-01,131.244890848796
"Cross River",2011-03-01,105.042015075684
"Cross River",2011-04-01,104.065040588379
"Cross River",2011-05-01,114.800003051758
"Cross River",2011-06-01,125.450191497803
"Cross River",2011-07-01,103.883930206299
"Cross River",2011-08-01,149.305404663086
"Cross River",2011-09-01,153.347106933594
"Cross River",2011-10-01,130.679992675781
"Cross River",2011-11-01,142.934272766113
"Cross River",2011-12-01,111.434776306152
"Cross River",2012-01-01,145.141319274902
"Cross River",2012-02-01,115.789474487305
"Cross River",2012-03-01,126.050415039062
"Cross River",2012-04-01,125.726493835449
"Cross River",2012-05-01,114.800003051758
"Cross River",2012-06-01,116.783218383789
"Cross River",2012-07-01,149.094650268555
"Cross River",2012-08-01,133.046993255615
"Cross River",2012-09-01,153.220474243164
"Cross River",2012-10-01,137.824432373047
"Cross River",2012-11-01,143.464424133301
"Cross River",2012-12-01,145.713325500488
"Delta",2009-02-01,151.388893127441
"Delta",2009-03-01,120
"Delta",2010-01-01,526.25072265625
"Delta",2010-02-01,157.655811767578
"Delta",2010-03-01,90.9784674072266
"Delta",2010-04-01,135.472194824219
"Delta",2010-05-01,79.7794879150391
"Delta",2010-06-01,126.092304077148
"Delta",2010-07-01,34.32
"Delta",2010-08-01,111.804583740234
"Delta",2010-09-01,117.062666015625
"Delta",2010-11-01,126.5047265625
"Delta",2010-12-01,128.612763671875
"Delta",2011-01-01,143.571411132812
"Delta",2011-02-01,159.871246337891
"Delta",2011-03-01,114.052291870117
"Delta",2011-04-01,150.214599609375
"Delta",2011-05-01,118.432594299316
"Delta",2011-06-01,100
"Delta",2011-07-01,117.827865600586
"Delta",2011-08-01,120.292892456055
"Delta",2011-09-01,170.887100219727
"Delta",2011-10-01,127.630523681641
"Delta",2011-11-01,134.570129394531
"Delta",2011-12-01,125.491798400879
"Delta",2012-01-01,129.09407043457
"Delta",2012-02-01,123.889381408691
"Delta",2012-03-01,125.674598693848
"Delta",2012-04-01,131.164657592773
"Delta",2012-05-01,118.473861694336
"Delta",2012-06-01,126.135597229004
"Delta",2012-07-01,147.592422485352
"Delta",2012-08-01,148.884780883789
"Delta",2012-09-01,170.94654083252
"Delta",2012-10-01,114.507049560547
"Delta",2012-11-01,150.97626953125
"Delta",2012-12-01,168.805134277344
"Ebonyi",2009-01-01,128.888888041178
"Ebonyi",2009-02-01,133.75
"Ebonyi",2009-03-01,146.645060221354
"Ebonyi",2009-04-01,113.873626708984
"Ebonyi",2009-05-01,135
"Ebonyi",2009-06-01,152
"Ebonyi",2010-01-01,140
"Ebonyi",2010-02-01,130
"Ebonyi",2010-03-01,128.148148148148
"Ebonyi",2010-04-01,137.962959572121
"Ebonyi",2010-05-01,125.536061887388
"Ebonyi",2010-06-01,130
"Ebonyi",2010-07-01,142.220548841688
"Ebonyi",2010-08-01,130
"Ebonyi",2010-09-01,100.338688603154
"Ebonyi",2010-10-01,260
"Ebonyi",2010-11-01,126.337453771521
"Ebonyi",2011-01-01,125
"Ebonyi",2011-02-01,127.519996643066
"Ebonyi",2011-03-01,128.652486165365
"Ebonyi",2011-04-01,120
"Ebonyi",2011-05-01,121.109998703003
"Ebonyi",2011-06-01,139.384834289551
"Ebonyi",2011-07-01,236.339996337891
"Ebonyi",2011-09-01,157
"Ebonyi",2011-10-01,152.520004272461
"Ebonyi",2011-11-01,149.624420166016
"Ebonyi",2011-12-01,164.195320129395
"Ebonyi",2012-01-01,163.360996246338
"Ebonyi",2012-02-01,131.853332519531
"Ebonyi",2012-03-01,133
"Ebonyi",2012-04-01,152.080001831055
"Ebonyi",2012-05-01,121.109998703003
"Ebonyi",2012-06-01,152.080001831055
"Ebonyi",2012-07-01,166.666666666667
"Ebonyi",2012-08-01,160.559997558594
"Ebonyi",2012-09-01,157
"Ebonyi",2012-10-01,180
"Ebonyi",2012-11-01,175
"Ebonyi",2012-12-01,143.703703703704
"Edo",2010-01-01,88.8748448689779
"Edo",2010-02-01,149.846951802572
"Edo",2010-03-01,141.556219736735
"Edo",2010-04-01,193.194821675618
"Edo",2010-05-01,135.408645629883
"Edo",2010-06-01,129.861106872559
"Edo",2010-07-01,158.974021911621
"Edo",2010-08-01,131.318519592285
"Edo",2010-09-01,165.626429239909
"Edo",2010-10-01,165
"Edo",2010-11-01,126.965353647868
"Edo",2010-12-01,145.370379130046
"Edo",2011-01-01,85.0500030517578
"Edo",2011-02-01,147.727279663086
"Edo",2011-03-01,151.645202636719
"Edo",2011-04-01,136.958526611328
"Edo",2011-05-01,168.253967285156
"Edo",2011-06-01,120.200889587402
"Edo",2011-07-01,178.366455078125
"Edo",2011-08-01,183.65217590332
"Edo",2011-09-01,151.658538818359
"Edo",2011-10-01,154.563995361328
"Edo",2011-11-01,155.614974975586
"Edo",2011-12-01,159.148468017578
"Edo",2012-01-01,153.340911865234
"Edo",2012-02-01,131.918426513672
"Edo",2012-03-01,132.948455810547
"Edo",2012-04-01,163.362045288086
"Edo",2012-05-01,168.253967285156
"Edo",2012-06-01,151.143165588379
"Edo",2012-07-01,174.08528137207
"Edo",2012-08-01,190.670394897461
"Edo",2012-09-01,151.890075683594
"Edo",2012-10-01,307.142852783203
"Edo",2012-11-01,155.502380371094
"Edo",2012-12-01,168.371213277181
"Ekiti",2009-01-01,129.960975646973
"Ekiti",2009-02-01,118.918914794922
"Ekiti",2009-03-01,135.135131835938
"Ekiti",2009-04-01,135.135131835938
"Ekiti",2010-01-01,143.758233642578
"Ekiti",2010-02-01,145.581019592285
"Ekiti",2010-03-01,129.826927185059
"Ekiti",2010-04-01,133.437298583984
"Ekiti",2010-05-01,148.428758239746
"Ekiti",2010-06-01,144.348223876953
"Ekiti",2010-07-01,139.618353271484
"Ekiti",2010-08-01,137.756423950195
"Ekiti",2010-09-01,138.826705932617
"Ekiti",2010-10-01,117
"Ekiti",2010-11-01,139.662133789062
"Ekiti",2010-12-01,143.428350830078
"Ekiti",2011-01-01,147.289642333984
"Ekiti",2011-02-01,137.718086242676
"Ekiti",2011-03-01,144.22904586792
"Ekiti",2011-04-01,145.851425170898
"Ekiti",2011-05-01,139.594284057617
"Ekiti",2011-06-01,145.350273132324
"Ekiti",2011-07-01,146.852116902669
"Ekiti",2011-08-01,149.525726318359
"Ekiti",2011-09-01,177.4521484375
"Ekiti",2011-10-01,154.488881429036
"Ekiti",2011-11-01,139.79670715332
"Ekiti",2011-12-01,156.898797607422
"Ekiti",2012-01-01,175.764781951904
"Ekiti",2012-02-01,169.993663787842
"Ekiti",2012-03-01,169.607734680176
"Ekiti",2012-04-01,178.835456848145
"Ekiti",2012-05-01,139.594284057617
"Ekiti",2012-06-01,207.883204142253
"Ekiti",2012-07-01,228.298629760742
"Ekiti",2012-08-01,200.141036987305
"Ekiti",2012-09-01,177.450668334961
"Ekiti",2012-10-01,239.616256713867
"Ekiti",2012-11-01,335
"Ekiti",2012-12-01,184.136193847656
"Enugu",2009-01-01,120.523808797201
"Enugu",2009-02-01,131.59920501709
"Enugu",2009-03-01,122.936215718587
"Enugu",2009-04-01,142.888889312744
"Enugu",2009-05-01,140.666668701172
"Enugu",2009-06-01,139.00793675014
"Enugu",2010-01-01,172.286385672433
"Enugu",2010-02-01,124.285714285714
"Enugu",2010-03-01,112.739495413644
"Enugu",2010-04-01,138.950437273298
"Enugu",2010-05-01,122.584274291992
"Enugu",2010-06-01,121.743340628488
"Enugu",2010-07-01,109.425144740513
"Enugu",2010-08-01,138.695395333426
"Enugu",2010-09-01,99.3173217773438
"Enugu",2010-10-01,264.227630615234
"Enugu",2010-11-01,165.72698538644
"Enugu",2010-12-01,130
"Enugu",2011-01-01,127.396697998047
"Enugu",2011-02-01,117.535552978516
"Enugu",2011-03-01,150.150146484375
"Enugu",2011-04-01,129.16667175293
"Enugu",2011-05-01,138.09716796875
"Enugu",2011-06-01,139.438278198242
"Enugu",2011-07-01,125
"Enugu",2011-08-01,202.779998779297
"Enugu",2011-09-01,134.384063720703
"Enugu",2011-10-01,127.77778116862
"Enugu",2011-11-01,131.687240600586
"Enugu",2011-12-01,135.757239205497
"Enugu",2012-01-01,156.774546305339
"Enugu",2012-02-01,129.077102661133
"Enugu",2012-03-01,127.448275862069
"Enugu",2012-04-01,129.226013183594
"Enugu",2012-05-01,138.19889831543
"Enugu",2012-06-01,129.226013183594
"Enugu",2012-07-01,133.058013916016
"Enugu",2012-08-01,147.593322753906
"Enugu",2012-09-01,134.262435913086
"Enugu",2012-10-01,152.186233520508
"Enugu",2012-11-01,107.608703613281
"Enugu",2012-12-01,133.263937813895
"FCT",2009-01-01,120.578418731689
"FCT",2009-02-01,132.638819885254
"FCT",2009-03-01,121.302665710449
"FCT",2009-04-01,142.034645080566
"FCT",2009-05-01,150.000007629395
"FCT",2009-06-01,135.345279693604
"FCT",2010-01-01,136.113901138306
"FCT",2010-02-01,136.113901138306
"FCT",2010-03-01,130.677862167358
"FCT",2010-04-01,129.831634521484
"FCT",2010-05-01,130.869913101196
"FCT",2010-06-01,113.277736663818
"FCT",2010-07-01,136.638559341431
"FCT",2010-08-01,139.106700897217
"FCT",2010-09-01,133.132224082947
"FCT",2010-10-01,145.681671142578
"FCT",2010-11-01,138.764312744141
"FCT",2010-12-01,138.764312744141
"FCT",2011-01-01,129.411773681641
"FCT",2011-02-01,124.800003051758
"FCT",2011-03-01,123.537063598633
"FCT",2011-04-01,122.18465423584
"FCT",2011-05-01,131.841156005859
"FCT",2011-06-01,139.796409606934
"FCT",2011-07-01,140.594696044922
"FCT",2011-08-01,135.10050201416
"FCT",2011-09-01,158.532531738281
"FCT",2011-10-01,134.33179473877
"FCT",2011-11-01,138.346298217773
"FCT",2011-12-01,138.077682495117
"FCT",2012-01-01,133.669906616211
"FCT",2012-02-01,140.032409667969
"FCT",2012-03-01,143.682884216309
"FCT",2012-04-01,144.106216430664
"FCT",2012-05-01,131.841156005859
"FCT",2012-06-01,148.311767578125
"FCT",2012-07-01,152.845520019531
"FCT",2012-08-01,158.986862182617
"FCT",2012-09-01,158.506225585938
"FCT",2012-10-01,155.642013549805
"FCT",2012-11-01,155.763668060303
"FCT",2012-12-01,155.526138305664
"Gombe",2009-03-01,101.5625
"Gombe",2009-04-01,99.21875
"Gombe",2009-06-01,101.856060791016
"Gombe",2010-01-01,349.9118309021
"Gombe",2010-02-01,98.631251335144
"Gombe",2010-03-01,97.0762786865234
"Gombe",2010-04-01,90.8356637954712
"Gombe",2010-05-01,77.2296810150146
"Gombe",2010-06-01,105.351329803467
"Gombe",2010-07-01,100.614754676819
"Gombe",2010-08-01,97.219069480896
"Gombe",2010-09-01,93.75
"Gombe",2010-10-01,150
"Gombe",2010-11-01,154.375
"Gombe",2010-12-01,95.6603240966797
"Gombe",2011-01-01,120.441017150879
"Gombe",2011-02-01,155.006072998047
"Gombe",2011-03-01,113.333335876465
"Gombe",2011-04-01,125.459358215332
"Gombe",2011-05-01,105.987716674805
"Gombe",2011-06-01,121.468437194824
"Gombe",2011-07-01,117.182487487793
"Gombe",2011-08-01,102.554847717285
"Gombe",2011-09-01,127.058258056641
"Gombe",2011-10-01,146.530181884766
"Gombe",2011-11-01,94.5408630371094
"Gombe",2011-12-01,99.3001480102539
"Gombe",2012-01-01,103.969383239746
"Gombe",2012-02-01,118.33430480957
"Gombe",2012-03-01,109.606773376465
"Gombe",2012-04-01,124.852470397949
"Gombe",2012-05-01,105.994293212891
"Gombe",2012-06-01,136.750381469727
"Gombe",2012-07-01,122.008987426758
"Gombe",2012-08-01,128.905670166016
"Gombe",2012-09-01,139.599273681641
"Gombe",2012-10-01,111.92537689209
"Gombe",2012-11-01,98.2937545776367
"Gombe",2012-12-01,108.801720619202
"Imo",2009-01-01,149.826389312744
"Imo",2009-02-01,142.234094238281
"Imo",2009-04-01,157.986114501953
"Imo",2009-06-01,173.456782023112
"Imo",2010-01-01,169.51853811504
"Imo",2010-02-01,131.567330265677
"Imo",2010-03-01,174.776003098646
"Imo",2010-04-01,158.025297556492
"Imo",2010-05-01,161.148567445817
"Imo",2010-06-01,143.357881558652
"Imo",2010-07-01,154.647142018703
"Imo",2010-08-01,161.760923324093
"Imo",2010-09-01,159.95838288338
"Imo",2010-10-01,165.382439013349
"Imo",2010-11-01,137.718919362453
"Imo",2010-12-01,130
"Imo",2011-01-01,171.483534515881
"Imo",2011-02-01,156.11088414346
"Imo",2011-03-01,167.285953644783
"Imo",2011-04-01,166.013162428333
"Imo",2011-05-01,160.542162495275
"Imo",2011-06-01,323.476182014711
"Imo",2011-07-01,157.030565815587
"Imo",2011-08-01,164.019031524658
"Imo",2011-09-01,169.684539459564
"Imo",2011-10-01,53.2797999526515
"Imo",2011-11-01,170.036259312784
"Imo",2011-12-01,154.059419880743
"Imo",2012-01-01,160.211209533035
"Imo",2012-02-01,160.000235924354
"Imo",2012-03-01,137.05730539284
"Imo",2012-04-01,155.410522663041
"Imo",2012-05-01,160.785578081685
"Imo",2012-06-01,155.410522663041
"Imo",2012-07-01,169.502168765738
"Imo",2012-08-01,160.260760296832
"Imo",2012-09-01,169.543876731789
"Imo",2012-10-01,174.329163089875
"Imo",2012-11-01,167.753311157227
"Imo",2012-12-01,192.968067793413
"Jigawa",2009-01-01,98.2319819132487
"Jigawa",2009-02-01,107.40518283844
"Jigawa",2009-04-01,100.440692901611
"Jigawa",2009-06-01,125.231369018555
"Jigawa",2010-01-01,120.291698597096
"Jigawa",2010-02-01,111.876933345088
"Jigawa",2010-03-01,112.528984352394
"Jigawa",2010-04-01,115.57354510272
"Jigawa",2010-05-01,118.588621826172
"Jigawa",2010-06-01,124.39180416531
"Jigawa",2010-07-01,116.604797080711
"Jigawa",2010-08-01,132.718735306351
"Jigawa",2010-09-01,118.641135321723
"Jigawa",2010-10-01,99.3308023523401
"Jigawa",2010-11-01,95.8180022063079
"Jigawa",2010-12-01,95.752608122649
"Jigawa",2011-01-01,110.475212097168
"Jigawa",2011-02-01,455.56650684498
"Jigawa",2011-04-01,114.891120910645
"Jigawa",2011-05-01,125.681304931641
"Jigawa",2011-06-01,119.232021331787
"Jigawa",2011-07-01,126.923561096191
"Jigawa",2011-08-01,127.255836486816
"Jigawa",2011-09-01,132.877365112305
"Jigawa",2011-10-01,126.066135406494
"Jigawa",2011-11-01,119.46501159668
"Jigawa",2011-12-01,119.267295837402
"Jigawa",2012-01-01,123.27530670166
"Jigawa",2012-02-01,110.706081390381
"Jigawa",2012-03-01,132.39896774292
"Jigawa",2012-04-01,125.23974609375
"Jigawa",2012-05-01,125.674789428711
"Jigawa",2012-06-01,147.829238891602
"Jigawa",2012-07-01,164.403274536133
"Jigawa",2012-08-01,149.362808227539
"Jigawa",2012-09-01,132.860244750977
"Jigawa",2012-10-01,125.645401000977
"Jigawa",2012-11-01,139.203102111816
"Jigawa",2012-12-01,116.653927838361
"Kaduna",2009-01-01,116.269844055176
"Kaduna",2009-02-01,95.7086563110352
"Kaduna",2009-03-01,109.752728780111
"Kaduna",2009-04-01,122.170635986328
"Kaduna",2009-05-01,123.394895553589
"Kaduna",2009-06-01,137.65362294515
"Kaduna",2010-01-01,153.879698617118
"Kaduna",2010-02-01,136.2261832101
"Kaduna",2010-03-01,136.029942103795
"Kaduna",2010-04-01,126.596375601632
"Kaduna",2010-05-01,107.579880850656
"Kaduna",2010-06-01,114.750262669155
"Kaduna",2010-07-01,127.133262634277
"Kaduna",2010-08-01,111.063638959612
"Kaduna",2010-09-01,106.185920715332
"Kaduna",2010-10-01,142.490042550223
"Kaduna",2010-11-01,105.313738141741
"Kaduna",2010-12-01,103.343672616141
"Kaduna",2011-01-01,102.800846099854
"Kaduna",2011-02-01,119.926572799683
"Kaduna",2011-03-01,123.912511825562
"Kaduna",2011-04-01,115.91788482666
"Kaduna",2011-05-01,119.859149932861
"Kaduna",2011-06-01,92.2637634277344
"Kaduna",2011-07-01,120.574953079224
"Kaduna",2011-08-01,110.531175613403
"Kaduna",2011-09-01,131.395629882812
"Kaduna",2011-10-01,114.141719818115
"Kaduna",2011-11-01,111.987659454346
"Kaduna",2012-01-01,135.837801615397
"Kaduna",2012-02-01,115.62190246582
"Kaduna",2012-03-01,123.982917785645
"Kaduna",2012-04-01,124.942283630371
"Kaduna",2012-05-01,119.86584854126
"Kaduna",2012-06-01,150.964813232422
"Kaduna",2012-07-01,145.099990844727
"Kaduna",2012-08-01,133.09481048584
"Kaduna",2012-09-01,131.404739379883
"Kaduna",2012-10-01,137.556936264038
"Kaduna",2012-11-01,145.590427262442
"Kaduna",2012-12-01,144.555792588454
"Kano",2009-01-01,70.5128173828125
"Kano",2009-02-01,129.021612167358
"Kano",2009-03-01,128.931684320623
"Kano",2009-04-01,113.706653594971
"Kano",2009-05-01,126.222723007202
"Kano",2009-06-01,123.358507156372
"Kano",2010-01-01,105.451228215144
"Kano",2010-02-01,114.167597550612
"Kano",2010-03-01,101.433327601506
"Kano",2010-04-01,109.264263446514
"Kano",2010-05-01,113.689076203566
"Kano",2010-06-01,115.106929485614
"Kano",2010-07-01,203.885079603929
"Kano",2010-08-01,114.135042924147
"Kano",2010-09-01,110.801693476163
"Kano",2010-10-01,103.376663794884
"Kano",2010-11-01,102.610721001258
"Kano",2010-12-01,103.029029259315
"Kano",2011-01-01,95.5705337524414
"Kano",2011-02-01,105.575256347656
"Kano",2011-03-01,111.583633422852
"Kano",2011-04-01,115.778091430664
"Kano",2011-05-01,118.553165435791
"Kano",2011-06-01,115.682167053223
"Kano",2011-07-01,122.705295562744
"Kano",2011-08-01,137.612213134766
"Kano",2011-09-01,134.798385620117
"Kano",2011-10-01,120.762974443107
"Kano",2011-11-01,114.680068969727
"Kano",2012-01-01,127.825352986654
"Kano",2012-02-01,130.059949239095
"Kano",2012-03-01,129.409571329753
"Kano",2012-04-01,130.025634765625
"Kano",2012-05-01,118.553165435791
"Kano",2012-06-01,148.552879333496
"Kano",2012-07-01,133.800526936849
"Kano",2012-08-01,142.893997192383
"Kano",2012-09-01,134.818511962891
"Kano",2012-10-01,130.763661702474
"Kano",2012-11-01,130.417504041623
"Kano",2012-12-01,131.73913526535
"Katsina",2009-01-01,127.077335357666
"Katsina",2009-02-01,108.905956268311
"Katsina",2009-03-01,96.6953258514404
"Katsina",2009-04-01,113.142677307129
"Katsina",2009-05-01,104.567184448242
"Katsina",2009-06-01,119.691144307454
"Katsina",2010-01-01,112.011671395137
"Katsina",2010-02-01,113.135535930765
"Katsina",2010-03-01,120.286447459254
"Katsina",2010-04-01,111.584585518673
"Katsina",2010-05-01,119.670184168322
"Katsina",2010-06-01,110.203086589945
"Katsina",2010-07-01,106.461615989948
"Katsina",2010-08-01,102.934208310884
"Katsina",2010-09-01,94.2437938821727
"Katsina",2010-10-01,104.261747952165
"Katsina",2010-11-01,100.398050242457
"Katsina",2010-12-01,94.3316245243467
"Katsina",2011-01-01,94.9467506408691
"Katsina",2011-02-01,109.062557983398
"Katsina",2011-03-01,99.5598653157552
"Katsina",2011-04-01,111.798126220703
"Katsina",2011-05-01,114.182856241862
"Katsina",2011-06-01,100.838963826497
"Katsina",2011-07-01,110.964155197144
"Katsina",2011-08-01,110.487819671631
"Katsina",2011-09-01,152.876831054688
"Katsina",2011-10-01,110.643353780111
"Katsina",2011-11-01,97.1795101165771
"Katsina",2012-01-01,112.108104705811
"Katsina",2012-02-01,117.655960083008
"Katsina",2012-03-01,114.117078145345
"Katsina",2012-04-01,121.694023132324
"Katsina",2012-05-01,114.182856241862
"Katsina",2012-06-01,153.75972366333
"Katsina",2012-07-01,153.944391886393
"Katsina",2012-08-01,124.707469940186
"Katsina",2012-09-01,152.866989135742
"Katsina",2012-10-01,106.658210754395
"Katsina",2012-11-01,126.871486663818
"Katsina",2012-12-01,118.62774026805
"Kebbi",2009-01-01,98.4656143188477
"Kebbi",2009-02-01,93.0948893229167
"Kebbi",2009-03-01,102.075913323296
"Kebbi",2009-04-01,99.9695281982422
"Kebbi",2009-05-01,106.382922363281
"Kebbi",2009-06-01,112.074168395996
"Kebbi",2010-01-01,152.115896224976
"Kebbi",2010-02-01,102.077592849731
"Kebbi",2010-03-01,98.3081073760986
"Kebbi",2010-04-01,99.7028150558472
"Kebbi",2010-05-01,91.8246831893921
"Kebbi",2010-06-01,99.5157985687256
"Kebbi",2010-07-01,111.849064826965
"Kebbi",2010-08-01,127.406393051147
"Kebbi",2010-09-01,105.644107818604
"Kebbi",2010-10-01,103.242561340332
"Kebbi",2010-11-01,103.303296089172
"Kebbi",2010-12-01,111.66425037384
"Kebbi",2011-01-01,107.309015274048
"Kebbi",2011-02-01,105.622885386149
"Kebbi",2011-03-01,117.382736206055
"Kebbi",2011-04-01,117.044563293457
"Kebbi",2011-05-01,133.348871866862
"Kebbi",2011-06-01,122.789529800415
"Kebbi",2011-07-01,130.524932861328
"Kebbi",2011-08-01,124.356973012288
"Kebbi",2011-09-01,142.865646362305
"Kebbi",2011-10-01,121.779106140137
"Kebbi",2011-11-01,118.545570373535
"Kebbi",2012-01-01,113.814861297607
"Kebbi",2012-02-01,125.889317830404
"Kebbi",2012-03-01,123.747531890869
"Kebbi",2012-04-01,115.676378250122
"Kebbi",2012-05-01,133.363479614258
"Kebbi",2012-06-01,154.134002685547
"Kebbi",2012-07-01,131.344436645508
"Kebbi",2012-08-01,134.148635864258
"Kebbi",2012-09-01,142.853240966797
"Kebbi",2012-10-01,132.377526855469
"Kebbi",2012-11-01,129.366254806519
"Kebbi",2012-12-01,115.293453440947
"Kogi",2010-01-01,144.893323625837
"Kogi",2010-02-01,144.893323625837
"Kogi",2010-03-01,129.32889011928
"Kogi",2010-04-01,147.434788295201
"Kogi",2010-05-01,125.5920955113
"Kogi",2010-06-01,134.148740495954
"Kogi",2010-07-01,143.635591779436
"Kogi",2010-08-01,262.803530011858
"Kogi",2010-09-01,124.209940229143
"Kogi",2010-10-01,152.542373657227
"Kogi",2010-11-01,145.488996233259
"Kogi",2010-12-01,148.732947213309
"Kogi",2011-01-01,138.421859741211
"Kogi",2011-02-01,133.606475830078
"Kogi",2011-03-01,150.407608032227
"Kogi",2011-04-01,137.17155456543
"Kogi",2011-05-01,131.729797363281
"Kogi",2011-06-01,129.007034301758
"Kogi",2011-07-01,134.01823425293
"Kogi",2011-08-01,136.31867980957
"Kogi",2011-09-01,164.100006103516
"Kogi",2011-10-01,138.591125488281
"Kogi",2011-11-01,148.404815673828
"Kogi",2011-12-01,145.553787231445
"Kogi",2012-01-01,167.813888549805
"Kogi",2012-02-01,145.607803344727
"Kogi",2012-03-01,134.497100830078
"Kogi",2012-04-01,144.727416992188
"Kogi",2012-05-01,131.770172119141
"Kogi",2012-06-01,182.290473937988
"Kogi",2012-07-01,195.055114746094
"Kogi",2012-09-01,164.100006103516
"Kogi",2012-10-01,185.58952331543
"Kogi",2012-11-01,157.700149536133
"Kogi",2012-12-01,149.626480102539
"Kwara",2010-01-01,120.306566309046
"Kwara",2010-02-01,120.306566309046
"Kwara",2010-03-01,113.185306125217
"Kwara",2010-04-01,115.012773019296
"Kwara",2010-05-01,117.017186482747
"Kwara",2010-06-01,109.009016248915
"Kwara",2010-07-01,176.096837926794
"Kwara",2010-09-01,90.6532033284505
"Kwara",2010-10-01,118.644065856934
"Kwara",2010-11-01,117.11309644911
"Kwara",2010-12-01,120.246314154731
"Kwara",2011-01-01,111.232376098633
"Kwara",2011-02-01,115.583312988281
"Kwara",2011-03-01,114.938858032227
"Kwara",2011-04-01,116.65308380127
"Kwara",2011-05-01,123.226333618164
"Kwara",2011-06-01,116.522850036621
"Kwara",2011-07-01,125.352729797363
"Kwara",2011-08-01,107.773250579834
"Kwara",2011-09-01,135.354446411133
"Kwara",2011-10-01,125.702114105225
"Kwara",2011-11-01,294.191602071126
"Kwara",2011-12-01,129.507642110189
"Kwara",2012-01-01,129.793058395386
"Kwara",2012-02-01,142.956298828125
"Kwara",2012-03-01,127.98889541626
"Kwara",2012-04-01,130.980985641479
"Kwara",2012-05-01,123.222717285156
"Kwara",2012-06-01,129.464294433594
"Kwara",2012-07-01,130.914566040039
"Kwara",2012-08-01,148.497863769531
"Kwara",2012-09-01,135.342788696289
"Kwara",2012-10-01,135.963562011719
"Kwara",2012-11-01,143.077461242676
"Kwara",2012-12-01,142.496856197234
"Lagos",2009-02-01,317.419357299805
"Lagos",2010-01-01,167.741943359375
"Lagos",2010-02-01,212.903228759766
"Lagos",2010-03-01,148.00518321991
"Lagos",2010-04-01,134.478991421786
"Lagos",2010-05-01,159.49471282959
"Lagos",2010-06-01,142.553192138672
"Lagos",2010-07-01,141.935485839844
"Lagos",2010-08-01,141.271438598633
"Lagos",2010-09-01,150.40322971344
"Lagos",2010-10-01,120.41666674614
"Lagos",2010-12-01,113.405709028244
"Lagos",2011-02-01,154.838714599609
"Lagos",2011-03-01,167.741943359375
"Lagos",2011-08-01,180.645172119141
"Lagos",2011-10-01,174.193557739258
"Lagos",2011-11-01,179.068105061849
"Lagos",2011-12-01,167.741943359375
"Lagos",2012-03-01,180.645172119141
"Lagos",2012-06-01,180.645172119141
"Lagos",2012-07-01,135.384613037109
"Lagos",2012-08-01,180.645172119141
"Lagos",2012-10-01,193.548385620117
"Lagos",2012-11-01,560
"Lagos",2012-12-01,180.645172119141
"Nasarawa",2009-02-01,108.541142781576
"Nasarawa",2009-03-01,113.017473856608
"Nasarawa",2009-04-01,128.189966837565
"Nasarawa",2009-05-01,125
"Nasarawa",2009-06-01,136.111114501953
"Nasarawa",2010-01-01,112.614684104919
"Nasarawa",2010-02-01,112.614684104919
"Nasarawa",2010-03-01,110.181937217712
"Nasarawa",2010-04-01,103.664570808411
"Nasarawa",2010-05-01,108.69889831543
"Nasarawa",2010-06-01,108.261227607727
"Nasarawa",2010-07-01,108.444213867188
"Nasarawa",2010-08-01,118.249331474304
"Nasarawa",2010-09-01,125.399871826172
"Nasarawa",2010-11-01,107.760875701904
"Nasarawa",2010-12-01,109.046969413757
"Nasarawa",2011-01-01,109.490669250488
"Nasarawa",2011-02-01,116.927909851074
"Nasarawa",2011-03-01,129.72900390625
"Nasarawa",2011-04-01,108.801986694336
"Nasarawa",2011-05-01,137.814453125
"Nasarawa",2011-06-01,137.12532043457
"Nasarawa",2011-07-01,112.802352905273
"Nasarawa",2011-08-01,118.738739013672
"Nasarawa",2011-10-01,133.363674163818
"Nasarawa",2011-11-01,127.232534790039
"Nasarawa",2011-12-01,121.344833374023
"Nasarawa",2012-01-01,123.375793457031
"Nasarawa",2012-02-01,130.125274658203
"Nasarawa",2012-03-01,107.669258117676
"Nasarawa",2012-04-01,126.992443084717
"Nasarawa",2012-05-01,137.812705993652
"Nasarawa",2012-06-01,137.818339029948
"Nasarawa",2012-07-01,149.850067138672
"Nasarawa",2012-08-01,147.178344726562
"Nasarawa",2012-09-01,111.38122177124
"Nasarawa",2012-10-01,161.732666015625
"Nasarawa",2012-11-01,147.104607215294
"Nasarawa",2012-12-01,138.10971697639
"Niger",2009-01-01,97.356734752655
"Niger",2009-02-01,102.857012939453
"Niger",2009-03-01,116.697596413749
"Niger",2009-04-01,123.464184154164
"Niger",2009-05-01,118.095792982313
"Niger",2009-06-01,126.608478892933
"Niger",2010-01-01,96.116587125338
"Niger",2010-02-01,96.116587125338
"Niger",2010-03-01,106.974317697378
"Niger",2010-04-01,103.875384404109
"Niger",2010-05-01,116.748894324669
"Niger",2010-06-01,112.619111868051
"Niger",2010-07-01,107.384234501765
"Niger",2010-08-01,106.110575749324
"Niger",2010-09-01,111.548879770132
"Niger",2010-11-01,108.558094318096
"Niger",2010-12-01,111.808509239784
"Niger",2011-01-01,109.669097900391
"Niger",2011-02-01,105.725563049316
"Niger",2011-03-01,105.958229064941
"Niger",2011-04-01,126.734817504883
"Niger",2011-05-01,121.721611022949
"Niger",2011-06-01,124.305549621582
"Niger",2011-07-01,121.064804077148
"Niger",2011-08-01,125.052116394043
"Niger",2011-09-01,152.964248657227
"Niger",2011-10-01,130.769226074219
"Niger",2011-11-01,147.312286376953
"Niger",2011-12-01,131.858352661133
"Niger",2012-01-01,122.560096740723
"Niger",2012-02-01,122.436996459961
"Niger",2012-03-01,124.79467010498
"Niger",2012-04-01,137.14453125
"Niger",2012-05-01,121.712333679199
"Niger",2012-06-01,140.887191772461
"Niger",2012-07-01,139.488525390625
"Niger",2012-08-01,145.410034179688
"Niger",2012-09-01,152.96923828125
"Niger",2012-10-01,148.319671630859
"Niger",2012-11-01,141.66667175293
"Niger",2012-12-01,144.424209594727
"Ogun",2009-01-01,118.433285522461
"Ogun",2009-02-01,116.361923217773
"Ogun",2009-03-01,138.355463027954
"Ogun",2009-04-01,149.583145141602
"Ogun",2009-06-01,139.950373331706
"Ogun",2010-01-01,101.022144741482
"Ogun",2010-02-01,123.532526652018
"Ogun",2010-03-01,136.917561848958
"Ogun",2010-04-01,101.745207892524
"Ogun",2010-05-01,126.232615152995
"Ogun",2010-06-01,128.889470418294
"Ogun",2010-07-01,154.121863471137
"Ogun",2010-08-01,138.112313164605
"Ogun",2010-09-01,289.473693847656
"Ogun",2010-10-01,150.370365566678
"Ogun",2010-11-01,158.778625488281
"Ogun",2010-12-01,187.239944458008
"Ogun",2011-01-01,320.45454788208
"Ogun",2011-02-01,161.290328979492
"Ogun",2011-03-01,129.032257080078
"Ogun",2011-04-01,163.636367797852
"Ogun",2011-05-01,141.935485839844
"Ogun",2011-06-01,129.032257080078
"Ogun",2011-07-01,141.935485839844
"Ogun",2011-08-01,200
"Ogun",2011-09-01,163.934432983398
"Ogun",2011-11-01,138.888885498047
"Ogun",2012-01-01,157.377044677734
"Ogun",2012-02-01,156.25
"Ogun",2012-05-01,141.935485839844
"Ogun",2012-07-01,170.049835205078
"Ogun",2012-08-01,168.852462768555
"Ogun",2012-09-01,163.934432983398
"Ogun",2012-10-01,168.883560180664
"Ogun",2012-11-01,210
"Ogun",2012-12-01,167.324742635091
"Ondo",2009-01-01,118.276229858398
"Ondo",2010-01-01,134.755552368164
"Ondo",2010-02-01,144.35821105957
"Ondo",2010-03-01,198.711331787109
"Ondo",2010-04-01,133.334981689453
"Ondo",2010-05-01,130.123930664062
"Ondo",2010-06-01,93.5803677368164
"Ondo",2010-07-01,126.909705505371
"Ondo",2010-08-01,128.705897827148
"Ondo",2010-09-01,133.609055175781
"Ondo",2010-10-01,105.083051757812
"Ondo",2010-11-01,119.693092956543
"Ondo",2010-12-01,133.321789245605
"Ondo",2011-01-01,166.66667175293
"Ondo",2011-02-01,152.600006103516
"Ondo",2011-03-01,136.637008666992
"Ondo",2011-04-01,134.883712768555
"Ondo",2011-05-01,131.576797485352
"Ondo",2011-06-01,143.75
"Ondo",2011-07-01,124.816177368164
"Ondo",2011-08-01,135.29411315918
"Ondo",2011-09-01,185.142639160156
"Ondo",2011-10-01,166.66667175293
"Ondo",2011-11-01,77.8891067504883
"Ondo",2011-12-01,145.312240600586
"Ondo",2012-01-01,156.14973449707
"Ondo",2012-02-01,141.884628295898
"Ondo",2012-03-01,149.860590616862
"Ondo",2012-04-01,149.524235692518
"Ondo",2012-05-01,131.576797485352
"Ondo",2012-06-01,160.023429870605
"Ondo",2012-07-01,152.358573913574
"Ondo",2012-08-01,173.257303873698
"Ondo",2012-09-01,185.14528910319
"Ondo",2012-10-01,160.619331359863
"Ondo",2012-11-01,244.682220458984
"Ondo",2012-12-01,168.920872802734
"Osun",2009-01-01,121.568623860677
"Osun",2009-02-01,105.882347106934
"Osun",2009-03-01,111.764698028564
"Osun",2009-05-01,147.058822631836
"Osun",2010-01-01,120.948363594387
"Osun",2010-02-01,125.301416480023
"Osun",2010-03-01,117.427655759065
"Osun",2010-04-01,135.677876348081
"Osun",2010-05-01,120.86360168457
"Osun",2010-06-01,109.691074868907
"Osun",2010-07-01,119.437338455864
"Osun",2010-08-01,117.813334589419
"Osun",2010-09-01,123.525777070419
"Osun",2010-10-01,102.580192897631
"Osun",2010-11-01,119.181582906972
"Osun",2010-12-01,119.948846236519
"Osun",2011-01-01,98.9247283935547
"Osun",2011-02-01,114.705879211426
"Osun",2011-03-01,129.411758422852
"Osun",2011-04-01,123.770156860352
"Osun",2011-05-01,117.64705657959
"Osun",2011-06-01,116.194625854492
"Osun",2011-07-01,116.911758422852
"Osun",2011-08-01,129.411758422852
"Osun",2011-09-01,135.636520385742
"Osun",2011-10-01,123.335289001465
"Osun",2011-11-01,115.47868347168
"Osun",2011-12-01,129.036804199219
"Osun",2012-01-01,130.729415893555
"Osun",2012-02-01,135.113647460938
"Osun",2012-03-01,159.36213684082
"Osun",2012-04-01,133.745692408362
"Osun",2012-05-01,117.64705657959
"Osun",2012-06-01,136.868392944336
"Osun",2012-07-01,153.583633422852
"Osun",2012-08-01,148.233551025391
"Osun",2012-09-01,146.567169189453
"Osun",2012-10-01,130.588226318359
"Osun",2012-11-01,241.25
"Osun",2012-12-01,151.721793796705
"Oyo",2009-01-01,132.822708892822
"Oyo",2009-02-01,136.971323649089
"Oyo",2009-03-01,148.379087175642
"Oyo",2009-04-01,149.929376602173
"Oyo",2009-05-01,162.207668304443
"Oyo",2010-01-01,155.94330307533
"Oyo",2010-02-01,153.388075203731
"Oyo",2010-03-01,140.400831025222
"Oyo",2010-04-01,285.13739329371
"Oyo",2010-05-01,132.201575443662
"Oyo",2010-06-01,128.195434570312
"Oyo",2010-07-01,125.82410720299
"Oyo",2010-08-01,135.471613390692
"Oyo",2010-09-01,128.005337419181
"Oyo",2010-10-01,118.014512160729
"Oyo",2010-11-01,135.347285829741
"Oyo",2010-12-01,147.43194264379
"Oyo",2011-01-01,135.483871459961
"Oyo",2011-02-01,131.60173034668
"Oyo",2011-03-01,137.673461914062
"Oyo",2011-04-01,135.515411376953
"Oyo",2011-05-01,144.28662109375
"Oyo",2011-06-01,133.307174682617
"Oyo",2011-07-01,128.248550415039
"Oyo",2011-08-01,134.694396972656
"Oyo",2011-09-01,159.682281494141
"Oyo",2011-10-01,137.023956298828
"Oyo",2011-11-01,130.421455383301
"Oyo",2011-12-01,143.018295288086
"Oyo",2012-01-01,152.725982666016
"Oyo",2012-02-01,157.729156494141
"Oyo",2012-03-01,162.169799804688
"Oyo",2012-05-01,144.28662109375
"Oyo",2012-06-01,155.367156982422
"Oyo",2012-07-01,152.839996337891
"Oyo",2012-08-01,154.765327453613
"Oyo",2012-09-01,159.6611328125
"Oyo",2012-10-01,149.769859313965
"Oyo",2012-11-01,245.830001831055
"Oyo",2012-12-01,136.697608158506
"Plateau",2009-01-01,120.282013787164
"Plateau",2009-02-01,112.956372942243
"Plateau",2009-03-01,118.78865977696
"Plateau",2009-04-01,122.579953511556
"Plateau",2009-05-01,132.664782206217
"Plateau",2010-01-01,119.863501839016
"Plateau",2010-02-01,119.863501839016
"Plateau",2010-03-01,116.457584215247
"Plateau",2010-04-01,122.209188046663
"Plateau",2010-05-01,116.634101867676
"Plateau",2010-06-01,120.107889921769
"Plateau",2010-07-01,110.094151704208
"Plateau",2010-08-01,119.891648334006
"Plateau",2010-09-01,110.253411666207
"Plateau",2010-11-01,113.535372195037
"Plateau",2010-12-01,110.880415874979
"Plateau",2011-01-01,111.587715148926
"Plateau",2011-02-01,117.208702087402
"Plateau",2011-03-01,107.206016540527
"Plateau",2011-04-01,132.668045043945
"Plateau",2011-05-01,124.42839050293
"Plateau",2011-06-01,119.337890625
"Plateau",2011-07-01,124.753776550293
"Plateau",2011-08-01,121.439788818359
"Plateau",2011-09-01,141.892608642578
"Plateau",2011-10-01,134.811737060547
"Plateau",2011-11-01,128.68147277832
"Plateau",2011-12-01,121.943161010742
"Plateau",2012-01-01,131.034484863281
"Plateau",2012-02-01,125.957969665527
"Plateau",2012-03-01,128.227310180664
"Plateau",2012-04-01,123.468711853027
"Plateau",2012-05-01,124.438606262207
"Plateau",2012-06-01,126.459136962891
"Plateau",2012-07-01,140.580490112305
"Plateau",2012-08-01,143.612457275391
"Plateau",2012-09-01,141.930969238281
"Plateau",2012-10-01,137.879776000977
"Plateau",2012-11-01,130.842987060547
"Plateau",2012-12-01,142.41264144234
"Rivers",2010-01-01,223.124105181013
"Rivers",2010-02-01,211.111114501953
"Rivers",2010-03-01,208.603898729597
"Rivers",2010-04-01,201.793716430664
"Rivers",2010-05-01,227.272735595703
"Rivers",2010-06-01,227.272735595703
"Rivers",2010-07-01,219.155850001744
"Rivers",2010-08-01,180.520176478795
"Rivers",2010-09-01,206.453558240618
"Rivers",2010-11-01,185.064930507115
"Rivers",2010-12-01,167.734534672328
"Rivers",2011-01-01,190.476196289062
"Rivers",2011-02-01,196.954559326172
"Rivers",2011-03-01,196.969696044922
"Rivers",2011-04-01,181.818176269531
"Rivers",2011-05-01,181.818176269531
"Rivers",2011-06-01,187.793426513672
"Rivers",2011-07-01,181.818176269531
"Rivers",2011-08-01,217.391296386719
"Rivers",2011-09-01,272.727264404297
"Rivers",2011-11-01,227.272735595703
"Rivers",2011-12-01,181.818176269531
"Rivers",2012-01-01,184.867401123047
"Rivers",2012-03-01,227.272735595703
"Rivers",2012-04-01,95.6937789916992
"Rivers",2012-05-01,181.818176269531
"Rivers",2012-06-01,181.818176269531
"Rivers",2012-07-01,227.272735595703
"Rivers",2012-09-01,272.727264404297
"Rivers",2012-11-01,181.269357681274
"Rivers",2012-12-01,233.964535920516
"Sokoto",2009-01-01,111.494249979655
"Sokoto",2009-02-01,127.527075873481
"Sokoto",2009-03-01,126.650256763805
"Sokoto",2009-04-01,126.759126027425
"Sokoto",2009-05-01,135.658634185791
"Sokoto",2009-06-01,165.28220308744
"Sokoto",2010-01-01,139.271623883929
"Sokoto",2010-02-01,72.8055103846959
"Sokoto",2010-03-01,118.260391780308
"Sokoto",2010-04-01,130.022999354771
"Sokoto",2010-05-01,133.556365966797
"Sokoto",2010-06-01,144.163157326835
"Sokoto",2010-07-01,118.82757459368
"Sokoto",2010-08-01,118.319536481585
"Sokoto",2010-09-01,118.507325308664
"Sokoto",2010-10-01,115.166664123535
"Sokoto",2010-11-01,160.486469541277
"Sokoto",2010-12-01,136.930850437709
"Sokoto",2011-01-01,117.551930745443
"Sokoto",2011-02-01,151.994721185593
"Sokoto",2011-03-01,107.213439941406
"Sokoto",2011-04-01,126.759742736816
"Sokoto",2011-05-01,136.134038289388
"Sokoto",2011-06-01,128.142957051595
"Sokoto",2011-07-01,121.383916219076
"Sokoto",2011-08-01,125.499905904134
"Sokoto",2011-09-01,131.739440917969
"Sokoto",2011-10-01,129.914642333984
"Sokoto",2011-11-01,114.551727294922
"Sokoto",2012-01-01,146.18270111084
"Sokoto",2012-02-01,129.05114364624
"Sokoto",2012-03-01,130.629379272461
"Sokoto",2012-04-01,144.906890869141
"Sokoto",2012-05-01,136.134038289388
"Sokoto",2012-06-01,144.88102722168
"Sokoto",2012-07-01,141.091369628906
"Sokoto",2012-08-01,139.079299926758
"Sokoto",2012-09-01,131.762451171875
"Sokoto",2012-10-01,135.920684814453
"Sokoto",2012-11-01,131.345281873431
"Sokoto",2012-12-01,134.751756406298
"Taraba",2009-06-01,138.095237731934
"Taraba",2010-01-01,103.228993415833
"Taraba",2010-02-01,100.543801307678
"Taraba",2010-03-01,186.508241653442
"Taraba",2010-04-01,208.042308807373
"Taraba",2010-05-01,116.258263587952
"Taraba",2010-06-01,92.2433910369873
"Taraba",2010-07-01,87.5783290863037
"Taraba",2010-08-01,108.900762557983
"Taraba",2010-09-01,114.508967399597
"Taraba",2010-10-01,124.528297424316
"Taraba",2010-11-01,142.127382278442
"Taraba",2010-12-01,107.994432449341
"Taraba",2011-01-01,127.257415771484
"Taraba",2011-02-01,182.862579345703
"Taraba",2011-03-01,107.712181091309
"Taraba",2011-04-01,120.788726806641
"Taraba",2011-05-01,137.934387207031
"Taraba",2011-06-01,157.322723388672
"Taraba",2011-07-01,132.826942443848
"Taraba",2011-09-01,143.500793457031
"Taraba",2011-11-01,154.153656005859
"Taraba",2012-01-01,170.18282699585
"Taraba",2012-02-01,106.755401611328
"Taraba",2012-03-01,122.747200012207
"Taraba",2012-04-01,111.395584106445
"Taraba",2012-05-01,137.917205810547
"Taraba",2012-06-01,132.401550292969
"Taraba",2012-07-01,149.570917765299
"Taraba",2012-08-01,151.854619979858
"Taraba",2012-09-01,143.507614135742
"Taraba",2012-10-01,140.919239659463
"Taraba",2012-11-01,117.288040161133
"Taraba",2012-12-01,146.57615135456
"Yobe",2009-02-01,107.291666666667
"Yobe",2009-04-01,110.9375
"Yobe",2009-05-01,114.658779144287
"Yobe",2009-06-01,126.71875
"Yobe",2010-01-01,110.539826613206
"Yobe",2010-02-01,111.372801560622
"Yobe",2010-03-01,102.150432880108
"Yobe",2010-04-01,97.6615876417894
"Yobe",2010-05-01,99.4626946082482
"Yobe",2010-06-01,114.772029583271
"Yobe",2010-07-01,104.21330672044
"Yobe",2010-08-01,115.253778310922
"Yobe",2010-09-01,122.828353881836
"Yobe",2010-10-01,132.407708974985
"Yobe",2010-11-01,157.608774038462
"Yobe",2010-12-01,118.185971773588
"Yobe",2011-01-01,138.00562286377
"Yobe",2011-02-01,147.578941345215
"Yobe",2011-03-01,127.820587158203
"Yobe",2011-04-01,119.013641357422
"Yobe",2011-05-01,99.7825317382812
"Yobe",2011-06-01,126.800071716309
"Yobe",2011-07-01,116.616910298665
"Yobe",2011-08-01,111.180740356445
"Yobe",2011-09-01,172.399719238281
"Yobe",2011-10-01,120.576072692871
"Yobe",2011-11-01,118.794326782227
"Yobe",2012-01-01,117.236312866211
"Yobe",2012-02-01,114.46305847168
"Yobe",2012-03-01,112.105766296387
"Yobe",2012-04-01,118.994590759277
"Yobe",2012-05-01,99.7835159301758
"Yobe",2012-07-01,148.89826965332
"Yobe",2012-09-01,172.40641784668
"Yobe",2012-11-01,98.2937545776367
"Zamfara",2009-01-01,83.3333320617676
"Zamfara",2009-02-01,103.80131149292
"Zamfara",2009-03-01,112.999996948242
"Zamfara",2009-04-01,116.111108779907
"Zamfara",2009-06-01,101.785715103149
"Zamfara",2010-01-01,88.5880256935402
"Zamfara",2010-02-01,96.8421794750072
"Zamfara",2010-03-01,101.875443352593
"Zamfara",2010-04-01,109.065039175528
"Zamfara",2010-05-01,112.973996480306
"Zamfara",2010-06-01,106.503897490325
"Zamfara",2010-07-01,101.885702627677
"Zamfara",2010-08-01,101.0482901114
"Zamfara",2010-09-01,98.7306925455729
"Zamfara",2010-10-01,109.44867988869
"Zamfara",2010-11-01,95.2722490098741
"Zamfara",2010-12-01,99.1482478954174
"Zamfara",2011-01-01,113.765417098999
"Zamfara",2011-02-01,100.633491516113
"Zamfara",2011-03-01,106.849311828613
"Zamfara",2011-04-01,106.846076965332
"Zamfara",2011-05-01,99.1269836425781
"Zamfara",2011-06-01,109.184009552002
"Zamfara",2011-07-01,111.640780131022
"Zamfara",2011-08-01,116.555072784424
"Zamfara",2011-09-01,146.130081176758
"Zamfara",2011-10-01,110.741338729858
"Zamfara",2011-11-01,117.987468719482
"Zamfara",2012-01-01,116.750709533691
"Zamfara",2012-02-01,117.516380310059
"Zamfara",2012-03-01,191.147132873535
"Zamfara",2012-04-01,131.063529968262
"Zamfara",2012-05-01,99.1119995117188
"Zamfara",2012-06-01,155.73908996582
"Zamfara",2012-07-01,161.65885925293
"Zamfara",2012-08-01,123.326220194499
"Zamfara",2012-09-01,146.120590209961
"Zamfara",2012-10-01,223.889617919922
"Zamfara",2012-11-01,127.189608256022
"Zamfara",2012-12-01,109.956939979836
