"zoneCode","item","date","countStates","fQ","median","mean","tQ","maxStates"
1,"Cement Dangote",2009-12-01,3,1.6315732717514,4.02720296382904,5.17681956291199,10.3315290927887,6
1,"Cement Dangote",2010-06-01,6,0.996753811836243,3.03434157371521,8.44182440819162,35.8426727294922,6
1,"Cement Dangote",2010-12-01,6,1.134162068367,3.45905613899231,8.2107253038522,32.7636932373047,6
1,"Cement Dangote",2011-06-01,6,7.46869761943817,10.0941381454468,12.2599707841873,22.6994173049927,6
1,"Cement Dangote",2011-12-01,6,8.82520403861999,14.1958250999451,14.0893755753835,18.9692850112915,6
1,"Cement Dangote",2012-06-01,6,11.8334487915039,18.1851234436035,25.0599853727553,44.4175102233887,6
1,"Cement Dangote",2012-12-01,6,9.45992240905762,12.5244455337524,22.3804200490316,45.2133604049683,6
1,"Drink Swan Water Bottle",2009-12-01,2,1.57662506103516,6.28380489349365,5.16874281565348,7.98031711578369,6
1,"Drink Swan Water Bottle",2010-06-01,6,3.31851506233215,24.7949600219727,26.198793888092,56.1675758361816,6
1,"Drink Swan Water Bottle",2010-12-01,6,8.32471642494202,25.5922117233276,24.4605116049449,43.4426706314087,6
1,"Drink Swan Water Bottle",2011-06-01,6,11.5188726425171,28.5638399124146,26.4531185626984,37.9950151443481,6
1,"Drink Swan Water Bottle",2011-12-01,6,10.4277254581451,30.9111614227295,27.8567750930786,40.6922372817993,6
1,"Drink Swan Water Bottle",2012-06-01,6,9.47885818481445,11.6034135818481,17.9132685131497,37.7085800170898,6
1,"Drink Swan Water Bottle",2012-12-01,6,10.1338990688324,14.2753925323486,17.3499624729156,34.8166467666626,6
1,"Maize White",2009-12-01,6,1.53869023323059,11.5501356124878,12.7924586131766,29.355916595459,6
1,"Maize White",2010-06-01,6,4.30758953094482,8.8582706451416,10.392203029186,19.6815013885498,6
1,"Maize White",2010-12-01,6,5.46082544326782,16.3462600708008,18.9028874772494,46.8965492248535,6
1,"Maize White",2011-06-01,6,8.58105461597443,18.2697162628174,19.065080444018,35.8640053749084,6
1,"Maize White",2011-12-01,6,7.94903409481049,13.1212368011475,14.9995566606522,26.3777896881104,6
1,"Maize White",2012-06-01,6,9.12280402183533,11.6149921417236,12.4401839256287,19.2988212108612,6
1,"Maize White",2012-12-01,6,14.4313307285309,19.4639177322388,20.72425421079,32.4066527366638,6
1,"Maize Yellow",2009-12-01,6,1.21947872638702,12.7816715240479,16.1640771494971,47.8242225646973,6
1,"Maize Yellow",2010-06-01,6,4.06206703186035,9.3107385635376,10.4139676504448,19.2407646179199,6
1,"Maize Yellow",2010-12-01,6,6.9588143825531,13.5951232910156,13.1477301888547,20.7088212966919,6
1,"Maize Yellow",2011-06-01,6,5.09437417984009,15.7963256835938,14.6801127592723,20.9655151367188,6
1,"Maize Yellow",2011-12-01,6,7.25842111110687,11.9072651863098,12.7383325497309,18.5357035636902,6
1,"Maize Yellow",2012-06-01,6,8.9124933719635,9.89953231811523,10.5415667533875,14.0492621898651,6
1,"Maize Yellow",2012-12-01,6,14.7329785346985,19.5687980651855,20.8666831652323,31.6332294464111,6
1,"Rice Imported",2009-12-01,6,1.5968562245369,7.16573810577393,8.34150061607361,19.2062015533447,6
1,"Rice Imported",2010-06-01,6,3.3095561504364,8.58007335662842,15.0435168895316,44.0454273223877,6
1,"Rice Imported",2010-12-01,6,4.01955826282501,17.7071304321289,18.0377684654073,49.2038146972656,6
1,"Rice Imported",2011-06-01,6,4.04886193275452,8.72643184661865,15.7776826222738,41.2071348190308,6
1,"Rice Imported",2011-12-01,6,6.65270779132843,8.48646020889282,9.9650444984436,15.1007616996765,6
1,"Rice Imported",2012-06-01,6,8.30302205085754,13.6991190910339,14.2696727752686,21.6188098907471,6
1,"Rice Imported",2012-12-01,6,19.0293208122253,21.4985342025757,26.2810924847921,46.9011499404907,6
1,"Rice Local",2009-12-01,4,0.403097268939018,6.0979540348053,6.85005766650041,16.1583687782287,6
1,"Rice Local",2010-06-01,6,4.19911801815033,25.8165054321289,32.1166716151767,78.2112579345703,6
1,"Rice Local",2010-12-01,6,2.77090221643448,32.0004863739014,27.7728759249051,56.2035570144653,6
1,"Rice Local",2011-06-01,6,5.92084405422211,9.50529527664185,17.0963720877965,48.9528703689575,6
1,"Rice Local",2011-12-01,6,8.1880035161972,11.1198720932007,16.7573578755061,33.4868673324585,6
1,"Rice Local",2012-06-01,6,4.96827239990234,11.0738391876221,15.2944376733568,31.5255847930908,6
1,"Rice Local",2012-12-01,6,12.1026854991913,25.4518451690674,28.1612414518992,55.2063087463379,6
1,"Sorghum",2009-12-01,6,0.564191311597824,8.5857105255127,9.68953180986066,23.6259937286377,6
1,"Sorghum",2010-06-01,6,5.08082628250122,10.9668111801147,17.7892691952283,39.2762184143066,6
1,"Sorghum",2010-12-01,6,9.74909253120422,14.7566499710083,18.682280507581,32.5956426620483,6
1,"Sorghum",2011-06-01,6,9.8688178062439,16.0589785575867,16.6689439614614,25.6879905700684,6
1,"Sorghum",2011-12-01,6,8.12137131690979,13.5939841270447,14.9853833516439,27.7050615310669,6
1,"Sorghum",2012-06-01,6,4.90230672359467,10.8557424545288,10.7168038845062,21.3187941551208,6
1,"Sorghum",2012-12-01,6,15.1205639839172,19.576301574707,21.2103583017985,31.7170666694641,6
2,"Cement Dangote",2010-06-01,6,2.02829432487488,6.4135205745697,9.70757186412811,30.0135340690613,6
2,"Cement Dangote",2010-12-01,6,3.90855193138123,7.28459048271179,10.0239010453224,24.5014138221741,6
2,"Cement Dangote",2011-06-01,6,7.82079944610596,9.21896648406982,10.4709670543671,16.4844218254089,6
2,"Cement Dangote",2011-12-01,6,9.13378763198853,11.2146511077881,15.0505610379306,32.478157043457,6
2,"Cement Dangote",2012-06-01,6,6.40376949310303,11.2678980827332,14.1256877581278,27.0511121749878,6
2,"Cement Dangote",2012-12-01,6,3.03640508651733,9.72252416610718,12.1803971699306,27.0127511024475,6
2,"Drink Swan Water Bottle",2010-06-01,6,6.51838674545288,23.573917388916,27.5895762993739,60.360025024414,6
2,"Drink Swan Water Bottle",2010-12-01,6,11.8079008102417,23.4993648529053,32.9288834791917,67.5366424560547,6
2,"Drink Swan Water Bottle",2011-06-01,6,8.10733094215393,17.3186974525452,27.4015649159749,63.8403787612915,6
2,"Drink Swan Water Bottle",2011-12-01,6,7.78389739990234,9.33200836181641,12.4670835841786,24.1104393005371,6
2,"Drink Swan Water Bottle",2012-06-01,4,7.40044198036194,7.67740941047668,7.71791625022888,8.0921000957489,6
2,"Drink Swan Water Bottle",2012-12-01,6,3.37636046409607,8.01221179962158,7.57320098876953,11.5467264175415,6
2,"Maize White",2010-06-01,6,8.4654301404953,29.258939743042,34.207802942821,68.1168420791626,6
2,"Maize White",2010-12-01,6,12.3189736366272,37.6372928619385,35.3076830591474,67.5865901947021,6
2,"Maize White",2011-06-01,6,11.2986763954163,27.2698783874512,33.6854036649068,70.9323280334472,6
2,"Maize White",2011-12-01,6,8.34780998229981,20.6250591278076,29.2520405451457,72.7555454254151,6
2,"Maize White",2012-06-01,6,1.87102408707142,19.280481338501,19.0945916076501,39.8910484313965,6
2,"Maize White",2012-12-01,6,8.17264852523804,15.5427236557007,20.985590171814,55.2016902923584,6
2,"Maize Yellow",2010-06-01,6,11.461446762085,17.1077919006348,38.5072245964637,98.8578399658203,6
2,"Maize Yellow",2010-12-01,6,12.7511522293091,26.5447769165039,33.9704469534067,67.0555480957031,6
2,"Maize Yellow",2011-06-01,6,5.08783404827118,19.537543296814,30.0975979566574,74.8551383972168,6
2,"Maize Yellow",2011-12-01,6,6.40737571716309,21.049861907959,32.3555834293365,67.6551040649414,6
2,"Maize Yellow",2012-06-01,6,9.97101902961731,24.190770149231,26.3667419751485,47.9868259429932,6
2,"Maize Yellow",2012-12-01,6,13.8082320690155,23.8922529220581,27.6466313089643,57.6893957138061,6
2,"Rice Imported",2010-06-01,6,10.2039093971252,24.1125917434692,34.3225919604301,80.137659072876,6
2,"Rice Imported",2010-12-01,6,13.0949397087097,27.6925868988037,29.5859534600202,56.0161117553711,6
2,"Rice Imported",2011-06-01,6,5.2314022064209,27.4947948455811,28.2769685891958,59.2100280761719,6
2,"Rice Imported",2011-12-01,6,10.8407255172729,21.9390640258789,28.3721618652344,54.6977394104004,6
2,"Rice Imported",2012-06-01,6,1.88749407231808,13.4476933479309,12.0979385872682,19.5303483009338,6
2,"Rice Imported",2012-12-01,6,8.71009368896484,14.5100030899048,17.1316059748332,30.6945985794067,6
2,"Rice Local",2010-06-01,6,9.42881965637207,33.0385026931763,37.4140738844872,70.5042171478271,6
2,"Rice Local",2010-12-01,6,10.3774890899658,34.2560844421387,45.2994360643275,88.2807144165039,6
2,"Rice Local",2011-06-01,6,9.74059991836548,34.6496725082397,38.3134773572286,77.9745780944824,6
2,"Rice Local",2011-12-01,6,12.2305441379547,21.1608533859253,27.5308971405029,68.3195907592773,6
2,"Rice Local",2012-06-01,6,6.24602615833282,11.9254608154297,16.7363115151723,34.675181388855,6
2,"Rice Local",2012-12-01,6,10.4125010490417,18.5062923431396,24.3001575469971,45.8749786376953,6
2,"Sorghum",2010-06-01,6,7.42090976238251,17.9551849365234,23.7798035144806,58.8906539916992,6
2,"Sorghum",2010-12-01,6,8.49859719276428,16.0263180732727,22.630405494145,44.8210094451904,6
2,"Sorghum",2011-06-01,6,11.4359346866608,17.7495365142822,30.5126235485077,67.6310195922851,6
2,"Sorghum",2011-12-01,6,13.0798477649689,24.8406553268433,35.1595878601074,79.8585815429688,6
2,"Sorghum",2012-06-01,6,13.9914495944977,25.864764213562,26.1815129915873,39.8480854034424,6
2,"Sorghum",2012-12-01,6,12.8576017856598,21.0691604614258,24.0917461259024,40.0040550231934,6
3,"Cement Dangote",2009-12-01,5,1.12817151546478,4.44216823577881,6.60014210487234,15.271443939209,5
3,"Cement Dangote",2010-06-01,5,2.1409386754036,4.12814378738403,4.50929179532187,6.21999325752258,5
3,"Cement Dangote",2010-12-01,5,2.15661805868149,4.37908864021301,4.58929204579556,7.86103940010071,5
3,"Cement Dangote",2011-06-01,5,6.40765035152435,8.20294690132141,15.4172736167908,45.6929817199707,5
3,"Cement Dangote",2011-12-01,5,6.90716533660889,7.7449734210968,15.2241181850433,45.8867492675781,5
3,"Cement Dangote",2012-06-01,5,4.31995048522949,4.94025182723999,5.10325222015381,5.86757144927978,5
3,"Cement Dangote",2012-12-01,5,4.7701849937439,5.60945701599121,11.1365115859292,34.7855472564697,5
3,"Drink Swan Water Bottle",2009-12-01,5,1.87535254955292,11.2167339324951,14.4351242542267,41.5325866699219,5
3,"Drink Swan Water Bottle",2010-06-01,5,6.01742658615112,15.2737398147583,16.279984342291,27.4197473526001,5
3,"Drink Swan Water Bottle",2010-12-01,5,8.12854499816895,12.5744285583496,15.5109456638957,28.3199361801147,5
3,"Drink Swan Water Bottle",2011-06-01,5,9.9078670501709,15.7920680046082,15.0598164558411,18.1346073150635,5
3,"Drink Swan Water Bottle",2011-12-01,5,7.04821715354919,14.6053738594055,15.0265347480774,25.2800729751587,5
3,"Drink Swan Water Bottle",2012-06-01,5,8.06455783843994,9.15347385406494,12.5289974212646,19.9466724395752,5
3,"Drink Swan Water Bottle",2012-12-01,5,7.37498736381531,8.87156867980957,9.85197578776966,15.4725875854492,5
3,"Maize White",2009-12-01,5,1.51984640061855,7.41808652877808,9.18851040403048,18.8551584243774,5
3,"Maize White",2010-06-01,5,6.79459929466248,14.3436346054077,18.2081321538505,32.953080368042,5
3,"Maize White",2010-12-01,5,13.8708704948425,33.0206871032715,32.8460420246782,50.9187421798706,5
3,"Maize White",2011-06-01,5,15.0390858650208,30.1827545166016,30.001181082292,44.4489555358887,5
3,"Maize White",2011-12-01,5,10.2343217849731,19.9451999664307,29.253413273738,72.693342590332,5
3,"Maize White",2012-06-01,5,13.8509380340576,32.6035003662109,44.65420850118,74.3661636352539,5
3,"Maize White",2012-12-01,5,7.32026641368866,18.7038049697876,16.6509568350656,23.1554402351379,5
3,"Maize Yellow",2009-12-01,5,2.96724475622177,8.17980575561523,8.7019034465154,17.0182543754578,5
3,"Maize Yellow",2010-06-01,5,5.38678867816925,19.7008657455444,20.0929422542967,40.2556871414185,5
3,"Maize Yellow",2010-12-01,5,16.9299293518066,34.6248512268066,40.8624640013042,72.1090286254883,5
3,"Maize Yellow",2011-06-01,5,12.498047208786,39.8639945983887,42.7145258903503,72.2347221374512,5
3,"Maize Yellow",2011-12-01,5,25.6275861740112,26.611720085144,37.2455373764038,70.8703330993652,5
3,"Maize Yellow",2012-06-01,5,15.7256868362427,27.5096683502197,39.9051934348212,77.0145095825195,5
3,"Maize Yellow",2012-12-01,5,9.06957015991211,15.0298881530762,19.2052740683922,35.3851337432861,5
3,"Rice Imported",2009-12-01,4,5.72399172782898,10.071346282959,11.2044415814536,20.317346572876,5
3,"Rice Imported",2010-06-01,5,2.45199220180511,9.20135879516602,9.11675091499978,20.9132095336914,5
3,"Rice Imported",2010-12-01,5,12.868851852417,24.8794822692871,24.8595816359228,42.0327262878418,5
3,"Rice Imported",2011-06-01,5,7.4830988407135,31.808445930481,28.7002731323242,46.52685546875,5
3,"Rice Imported",2011-12-01,5,11.6228874206543,33.383960723877,30.3757352828979,51.2512535095215,5
3,"Rice Imported",2012-06-01,5,12.0715263366699,24.7076530456543,32.2227147420247,60.3582000732422,5
3,"Rice Imported",2012-12-01,5,4.55403418540955,13.5993504524231,14.7280608812968,24.4343082427978,5
3,"Rice Local",2009-12-01,4,3.0195764541626,10.1928730010986,11.9599325180054,26.3193534851074,5
3,"Rice Local",2010-06-01,5,3.76636753082275,12.3116636276245,19.3805172973209,104.430982589722,5
3,"Rice Local",2010-12-01,5,12.494389629364,32.0995168685913,33.2748861489473,77.8168891906738,5
3,"Rice Local",2011-06-01,5,24.1075889587402,30.9266805648804,30.9593812942505,38.438507270813,5
3,"Rice Local",2011-12-01,5,11.0424897670746,19.1956386566162,27.0309700012207,67.5679927825928,5
3,"Rice Local",2012-06-01,5,16.1129151344299,21.7056350708008,32.5086573192051,63.6752960205078,5
3,"Rice Local",2012-12-01,5,8.20444121360779,13.373384475708,13.0077389876048,19.0958696365356,5
3,"Sorghum",2009-12-01,4,2.72288085222244,9.20911550521851,13.2756030048643,33.6227262496948,5
3,"Sorghum",2010-06-01,5,4.77895948886871,10.3894386291504,11.4057480096817,19.0519190788269,5
3,"Sorghum",2010-12-01,5,11.6391182899475,27.4734725952148,30.7049209905225,55.5830726623535,5
3,"Sorghum",2011-06-01,5,9.94391226768494,28.7230939865112,32.4984204292297,57.1070198059082,5
3,"Sorghum",2011-12-01,5,32.5119603157043,47.8459911346436,48.5800172805786,63.0590621948242,5
3,"Sorghum",2012-06-01,5,27.0942905426025,47.5373764038086,46.7180141448975,69.052368927002,5
3,"Sorghum",2012-12-01,5,5.96454167366028,17.0087509155273,19.8646469549699,48.429515838623,5
4,"Cement Dangote",2009-12-01,7,0.347475990653038,2.39582681655884,6.85109690357657,16.9838812828064,7
4,"Cement Dangote",2010-06-01,7,1.8408687710762,19.4440937042236,28.5655717301643,127.824584960938,7
4,"Cement Dangote",2010-12-01,7,2.25408444404602,14.0113935470581,24.893602166857,102.664865112305,7
4,"Cement Dangote",2011-06-01,7,5.92109670639038,10.097306728363,18.1276131206089,51.9392116546631,7
4,"Cement Dangote",2011-12-01,7,9.16953272819519,14.87819480896,19.1711255179511,50.9998579025269,7
4,"Cement Dangote",2012-06-01,7,6.90377607345581,10.8692293167114,18.1721534729004,46.7912979125976,7
4,"Cement Dangote",2012-12-01,7,4.55246522426605,10.0825228691101,12.5037322044373,26.2934889793396,7
4,"Drink Swan Water Bottle",2009-12-01,4,3.45990831851959,12.295220375061,20.8001282850901,57.1691993713379,7
4,"Drink Swan Water Bottle",2010-06-01,7,9.51064548492432,15.1580257415771,16.8945199924967,29.6960048675537,7
4,"Drink Swan Water Bottle",2010-12-01,7,10.5536874771118,22.4793367385864,24.1597922269036,55.0008655548097,7
4,"Drink Swan Water Bottle",2011-06-01,7,10.0352024078369,25.0172634124756,29.3438789579603,59.2232582092285,7
4,"Drink Swan Water Bottle",2011-12-01,7,9.17655165195465,20.954122543335,22.1705828507741,28.8602285385132,7
4,"Drink Swan Water Bottle",2012-06-01,7,10.0782214641571,21.8544540405273,24.0535093716213,42.2732423782348,7
4,"Drink Swan Water Bottle",2012-12-01,7,6.38313508033752,18.631986618042,19.5395976172553,46.9901617050171,7
4,"Maize White",2009-12-01,7,2.86477386951447,12.2010006904602,14.7073999745505,34.1679935455322,7
4,"Maize White",2010-06-01,7,5.21996693611145,14.247784614563,18.4833336991649,37.0805644989013,7
4,"Maize White",2010-12-01,7,8.24420070648193,15.2985992431641,17.0499331813213,29.6689414978027,7
4,"Maize White",2011-06-01,7,4.62705764770508,12.0854473114014,15.4103496953061,45.2739040374756,7
4,"Maize White",2011-12-01,7,6.91407527923584,9.59458446502686,13.8653510746203,48.1708339691162,7
4,"Maize White",2012-06-01,7,7.83104219436646,8.48665714263916,9.51597309112549,12.746733379364,7
4,"Maize White",2012-12-01,7,4.63897302150726,8.12795352935791,8.535700612598,16.6614322662354,7
4,"Maize Yellow",2009-12-01,7,1.25040084123611,11.5798077583313,13.6130146013968,31.9072070121765,7
4,"Maize Yellow",2010-06-01,7,4.20987710952759,16.4467973709106,21.4056406861446,57.5952346801758,7
4,"Maize Yellow",2010-12-01,7,9.4642481803894,17.5400619506836,19.7889398500837,42.4591493606567,7
4,"Maize Yellow",2011-06-01,7,7.17818989753723,14.2523922920227,15.7953745524089,28.7396966934204,7
4,"Maize Yellow",2011-12-01,7,5.54796965122223,11.5611743927002,12.3598944875929,29.8313961982727,7
4,"Maize Yellow",2012-06-01,7,8.06184659004211,12.7238054275513,15.2023810659136,25.8508043289184,7
4,"Maize Yellow",2012-12-01,7,6.76246373653412,12.4593167304993,14.759472767512,27.0992312431335,7
4,"Rice Imported",2009-12-01,7,1.3666783452034,7.5339822769165,8.61237560675062,20.1992076873779,7
4,"Rice Imported",2010-06-01,7,3.9934540271759,10.1323099136353,14.2723685432883,32.4198996543884,7
4,"Rice Imported",2010-12-01,7,8.08033909797668,11.6010212898254,16.0331080006618,26.3310769081116,7
4,"Rice Imported",2011-06-01,7,5.88081865310669,11.194806098938,12.9661258591546,25.6329939842224,7
4,"Rice Imported",2011-12-01,7,4.96966254711151,8.91208076477051,9.4390521314409,16.0018431186676,7
4,"Rice Imported",2012-06-01,7,4.70057189464569,8.23882484436035,8.40097941671099,12.9888043403625,7
4,"Rice Imported",2012-12-01,7,5.97602016925812,8.62762546539307,11.1468015246921,26.0871538162231,7
4,"Rice Local",2009-12-01,7,0.387542903423309,7.23603940010071,11.7635795297101,36.5727655410766,7
4,"Rice Local",2010-06-01,7,4.22752120494843,8.24284744262695,13.1940043325777,47.7465963363647,7
4,"Rice Local",2010-12-01,7,6.45353164672852,10.1091213226318,15.1508842265164,35.8494152069092,7
4,"Rice Local",2011-06-01,7,5.58828284740448,12.9319400787354,19.0041542318132,43.7012163162231,7
4,"Rice Local",2011-12-01,7,7.2701667547226,12.5902495384216,17.9284223715464,43.5471103668213,7
4,"Rice Local",2012-06-01,7,7.03536806106567,11.0446929931641,14.8589220046997,30.4222646713257,7
4,"Rice Local",2012-12-01,7,4.39080421924591,10.1747965812683,15.1628927124871,34.8706712722778,7
4,"Sorghum",2009-12-01,7,2.0617574930191,12.7606682777405,14.4708748143166,31.8698781013489,7
4,"Sorghum",2010-06-01,7,5.37300415039062,10.3606100082397,12.7911298178076,27.8517816543579,7
4,"Sorghum",2010-12-01,7,8.76723837852478,15.7071485519409,16.9217232902845,32.9508583068848,7
4,"Sorghum",2011-06-01,7,7.21503427028656,14.8569359779358,18.2984474235111,37.8991329193115,7
4,"Sorghum",2011-12-01,7,9.46916308403015,13.735556602478,17.4099207984077,35.2689153671265,7
4,"Sorghum",2012-06-01,7,9.31046590805054,12.2775745391846,14.8257055282593,23.9522382736206,7
4,"Sorghum",2012-12-01,7,7.81751489639282,12.8955898284912,12.3498149759629,16.1394714355469,7
5,"Cement Dangote",2009-12-01,4,1.60043005347252,2.83199417591095,12.3200921416283,49.3828196525573,7
5,"Cement Dangote",2010-06-01,7,0.987759947776794,3.62135100364685,6.98307788953549,6.1758713722229,7
5,"Cement Dangote",2010-12-01,7,1.22618091106415,3.07650446891785,6.65642300167599,28.7613983154295,7
5,"Cement Dangote",2011-06-01,7,5.09921109676361,11.6303277015686,21.4280053888048,55.6802572250366,7
5,"Cement Dangote",2011-12-01,7,7.90628309249878,11.0884509086609,20.9542179107666,49.1556930541992,7
5,"Cement Dangote",2012-06-01,7,7.09490027427673,14.2174396514893,19.0289077077593,38.2004276275635,7
5,"Cement Dangote",2012-12-01,7,6.07318246364594,25.6134395599365,24.7375166714191,43.3185081481934,7
5,"Drink Swan Water Bottle",2009-12-01,5,2.3227905601263,14.7363691329956,21.737217345408,47.8474756240845,7
5,"Drink Swan Water Bottle",2010-06-01,7,4.40701732635498,12.7687892913818,14.8452146828175,33.3371524810791,7
5,"Drink Swan Water Bottle",2010-12-01,7,4.02674918174744,10.0633020401001,13.9700263402401,33.8263500213623,7
5,"Drink Swan Water Bottle",2011-06-01,7,2.80115041732788,8.41261410713196,11.5308426788875,26.8838185310364,7
5,"Drink Swan Water Bottle",2011-12-01,7,8.76992950439453,9.99843120574951,13.4160903294881,24.4412391662598,7
5,"Drink Swan Water Bottle",2012-06-01,7,9.38156900405884,13.039740562439,14.1484399523054,23.0368783950806,7
5,"Drink Swan Water Bottle",2012-12-01,7,7.46180744171143,10.8225536346436,13.5180874712327,22.4788497924805,7
5,"Maize White",2009-12-01,5,4.50299882888794,13.2756385803223,15.4777780425164,29.6667175292969,7
5,"Maize White",2010-06-01,7,7.32533121109009,14.4515151977539,20.6034243646658,45.1705619812012,7
5,"Maize White",2010-12-01,7,4.23473500013352,13.8278350830078,17.7528778982162,38.2897705078125,7
5,"Maize White",2011-06-01,7,7.13633604049683,16.2993202209473,17.045162709554,30.3267997741699,7
5,"Maize White",2011-12-01,7,7.17014818191528,13.0357351303101,15.6166582743327,29.7634593963623,7
5,"Maize White",2012-06-01,7,12.2222143173218,14.9853706359863,15.6204783575875,20.0328130722046,7
5,"Maize White",2012-12-01,7,14.3406372070312,19.9972667694092,21.0873692456414,33.5290405273438,7
5,"Maize Yellow",2009-12-01,5,4.25377153158188,14.3493614196777,15.5326485713323,32.0135847091675,7
5,"Maize Yellow",2010-06-01,7,4.92678306102753,11.7599816322327,13.000132060968,25.5810535430908,7
5,"Maize Yellow",2010-12-01,7,4.51107604503632,9.5144305229187,10.7405924797058,17.6553532600403,7
5,"Maize Yellow",2011-06-01,7,7.42522029876709,19.2766313552856,18.4622452599662,26.3958204269409,7
5,"Maize Yellow",2011-12-01,7,8.91765584945679,15.8249878883362,18.2161496026175,33.91353931427,7
5,"Maize Yellow",2012-06-01,7,10.1916854858398,15.4983148574829,16.9763473783221,28.5123397827148,7
5,"Maize Yellow",2012-12-01,7,6.71430158615112,14.5356292724609,17.8836269378662,37.4181861877441,7
5,"Rice Imported",2009-12-01,5,1.66998927593231,6.81245756149292,7.89146510037509,16.6520629882812,7
5,"Rice Imported",2010-06-01,7,3.8325110912323,4.29084086418152,7.20793837308884,15.3866798400879,7
5,"Rice Imported",2010-12-01,7,3.03254905939102,5.72981309890747,11.8893003520511,46.7981161117554,7
5,"Rice Imported",2011-06-01,7,2.61032127141952,7.48828816413879,11.9712677342551,34.6057372093201,7
5,"Rice Imported",2011-12-01,7,3.49159008264542,10.5472559928894,12.8436284576144,40.5055208206177,7
5,"Rice Imported",2012-06-01,7,6.04411277770996,11.1618947982788,14.8059734616961,31.9205840110779,7
5,"Rice Imported",2012-12-01,7,6.75307903289795,11.1829147338867,12.0311046768637,17.9347694396973,7
5,"Rice Local",2009-12-01,5,0.558097903430462,8.80623054504395,10.0963202388957,22.3690675735474,7
5,"Rice Local",2010-06-01,7,4.19869089126587,6.68190979957581,7.65801196253818,15.1219453811646,7
5,"Rice Local",2010-12-01,7,4.00663542747498,6.96043491363525,8.68506885611493,15.8563451766968,7
5,"Rice Local",2011-06-01,7,5.80787138938904,11.4146027565002,12.7069903441838,27.1079122543335,7
5,"Rice Local",2011-12-01,7,7.68638186454773,10.0936660766602,10.9901009968349,15.5652164459229,7
5,"Rice Local",2012-06-01,7,7.22651419639587,11.5197525024414,13.0025918824332,20.5256107330322,7
5,"Rice Local",2012-12-01,7,5.11914300918579,12.0533156394958,12.252711802721,22.8946499824524,7
5,"Sorghum",2009-12-01,5,4.69274070262909,11.1659641265869,11.9193962624199,19.6922097206116,7
5,"Sorghum",2010-06-01,7,3.11938238143921,9.17430210113525,11.9648891141954,23.0642543792725,7
5,"Sorghum",2010-12-01,7,3.9525288939476,7.50484108924866,10.231251405633,22.6469395160675,7
5,"Sorghum",2011-06-01,7,7.5209047794342,14.3919658660889,14.8466597557068,23.7946203231812,7
5,"Sorghum",2011-12-01,7,8.22442321777344,14.5461273193359,13.6683172225952,22.8749704360962,7
5,"Sorghum",2012-06-01,7,8.91362752914429,12.7279605865479,14.7660120555333,23.0428771972656,7
5,"Sorghum",2012-12-01,7,8.12063312530518,14.8428621292114,19.3947214238784,46.1603080749512,7
6,"Cement Dangote",2009-12-01,5,0.61733695268631,3.30004239082336,4.45345315216361,10.0195405960083,6
6,"Cement Dangote",2010-06-01,6,1.52028841376305,8.54990339279175,17.1199077935446,79.8518817901611,6
6,"Cement Dangote",2010-12-01,6,3.0689909696579,12.7621593475342,20.4618416476894,59.2427675247192,6
6,"Cement Dangote",2011-06-01,6,5.99597663879395,10.9647722244263,13.6676622904264,30.9555095672607,6
6,"Cement Dangote",2011-12-01,6,7.13558664321899,10.3064312934875,10.7981550693512,15.3943138122559,6
6,"Cement Dangote",2012-06-01,6,6.86385905742645,10.6092581748962,16.6190100510915,41.0699632167816,6
6,"Cement Dangote",2012-12-01,6,3.9646782875061,8.5976037979126,11.5406284332275,28.7532049655914,6
6,"Drink Swan Water Bottle",2009-12-01,6,2.2428787946701,13.4820594787598,15.6751431914476,42.3214740753174,6
6,"Drink Swan Water Bottle",2010-06-01,6,8.35427784919739,23.5805673599243,26.5365482286403,49.5688219070435,6
6,"Drink Swan Water Bottle",2010-12-01,6,12.4737527370453,26.258602142334,30.5491774298928,54.6162872314453,6
6,"Drink Swan Water Bottle",2011-06-01,6,6.51151163578033,22.8674554824829,25.5477936267853,59.2477863311768,6
6,"Drink Swan Water Bottle",2011-12-01,6,4.56757488250732,9.99007701873779,11.981823517726,20.9443332672119,6
6,"Drink Swan Water Bottle",2012-06-01,6,4.81467037200928,12.9198150634766,11.9324793134417,17.5383974075317,6
6,"Drink Swan Water Bottle",2012-12-01,6,4.06338515281677,12.7912302017212,11.0292558670044,16.7534948348999,6
6,"Maize White",2009-12-01,6,2.65282419919968,15.4005312919617,23.721313855052,57.3959974288939,6
6,"Maize White",2010-06-01,6,7.11141216754913,29.4776382446289,37.5437329038978,87.6641502380371,6
6,"Maize White",2010-12-01,6,11.4993265628815,37.9205265045166,36.1460482965816,75.7287124633789,6
6,"Maize White",2011-06-01,6,14.5230548858643,27.5317459106445,34.013671875,67.7765014648437,6
6,"Maize White",2011-12-01,6,12.2322865962982,25.3358249664307,35.9191927909851,99.0383506774902,6
6,"Maize White",2012-06-01,6,22.4217157363892,26.03160572052,37.2265335718791,77.4849157333374,6
6,"Maize White",2012-12-01,6,12.0866608381271,24.5615730285645,27.2339005947113,54.1674156188965,6
6,"Maize Yellow",2009-12-01,6,3.56465198993683,16.0400829315186,21.4121267761503,52.6262882232666,6
6,"Maize Yellow",2010-06-01,6,6.22302527427673,30.4642114639282,30.5569697514824,57.0208461761475,6
6,"Maize Yellow",2010-12-01,6,12.1380161762238,22.5600662231445,30.9178733030955,60.6782411575317,6
6,"Maize Yellow",2011-06-01,6,9.54964008331299,21.2213706970215,26.3406784351055,69.228677368164,6
6,"Maize Yellow",2011-12-01,6,11.8497983932495,22.4465751647949,28.1164181232452,64.2292200088501,6
6,"Maize Yellow",2012-06-01,6,16.1045405864716,27.0871114730835,25.1484808921814,33.181914806366,6
6,"Maize Yellow",2012-12-01,6,9.53908290863037,14.0781116485596,16.8895430246989,29.1435710906982,6
6,"Rice Imported",2009-12-01,5,2.21019819676876,6.7725133895874,19.4092024068038,74.3507507324218,6
6,"Rice Imported",2010-06-01,6,3.50185788869858,19.7613258361816,22.322614569664,35.0489864349365,6
6,"Rice Imported",2010-12-01,6,10.471545791626,18.4461851119995,19.3443190813065,26.9714668273926,6
6,"Rice Imported",2011-06-01,6,5.02756061553955,13.6428146362305,16.6000266075134,41.3526105880737,6
6,"Rice Imported",2011-12-01,6,7.92885155677795,16.0419540405273,19.7385815779368,44.5307487487793,6
6,"Rice Imported",2012-06-01,6,9.42728996276855,14.1694765090942,15.3727989196777,23.1352531433105,6
6,"Rice Imported",2012-12-01,6,3.82821488380432,13.6693868637085,12.2558289527893,21.683235168457,6
6,"Rice Local",2009-12-01,5,3.2239629983902,9.22813129425049,19.3384089218943,55.2482101440429,6
6,"Rice Local",2010-06-01,6,6.67059638500214,13.6740322113037,19.0502027114232,64.2646007537842,6
6,"Rice Local",2010-12-01,6,11.2868593454361,14.5013961791992,20.28839143912,50.5530576705933,6
6,"Rice Local",2011-06-01,6,13.9560204029083,22.0419921875,20.9921173368182,28.9490742683411,6
6,"Rice Local",2011-12-01,6,7.12936639785767,19.7210388183594,18.3134351510268,25.5187385559082,6
6,"Rice Local",2012-06-01,6,9.18109154701233,17.154182434082,17.6144553820292,28.5701837539673,6
6,"Rice Local",2012-12-01,6,5.19263622164726,12.0042886734009,12.7388821323713,28.4729038238525,6
6,"Sorghum",2009-12-01,6,3.90125238895416,12.7163782119751,18.5552602164886,54.9404392242432,6
6,"Sorghum",2010-06-01,6,3.82103171348572,16.589038848877,33.8869119315471,112.13857421875,6
6,"Sorghum",2010-12-01,6,9.25749611854553,24.1117944717407,34.3464103962513,96.0993213653564,6
6,"Sorghum",2011-06-01,6,16.6355929851532,23.1503210067749,25.2469928605216,40.6008718490601,6
6,"Sorghum",2011-12-01,6,14.2545514583588,21.7831707000732,24.1432894865672,37.0659032821655,6
6,"Sorghum",2012-06-01,6,13.503041267395,24.893120765686,26.233559290568,43.1749715805054,6
6,"Sorghum",2012-12-01,6,7.1943480014801,11.1915988922119,21.0926421801249,75.311302947998,6
